Date,Dominus_Empyreus_Return,Violet_Valkyrie_Return,Red_Valkyrie_Return,RBLX_Return,VWCE_DE_Return
2023-01-04,0.0,0.0,0.0,0.042728904847396665,0.009601745771958381
2023-01-05,0.0,0.0,0.0,0.032369146005509775,-0.003998703123311409
2023-01-06,0.0,0.0,0.0,-0.036691127418278846,0.00868055555555558
2023-01-09,-0.01907749999999997,-0.07938823529411765,-0.04597714285714283,0.0654432132963989,0.0066695352839931665
2023-01-10,0.0,0.0,0.0,0.04029899252518687,-0.010365462705706374
2023-01-11,0.0,0.0,0.0,0.02780381130896603,0.00842241658568188
2023-01-12,0.0,0.0,0.0,0.008510638297872353,0.00289110183103114
2023-01-13,0.0,0.0,0.0,0.000904159132007365,0.0036301516122143607
2023-01-17,0.0036487761945176445,0.02834943515820676,0.01418953723780203,0.11773562180066244,0.006702127659574453
2023-01-18,0.0,0.0,0.0,-0.03663793103448276,-0.005917785057592773
2023-01-19,0.0,0.0,0.0,-0.0657158836689038,-0.012118635058998461
2023-01-20,0.0,0.0,0.0,0.0589643819215806,0.007317335628967969
2023-01-23,0.029609734874327387,-0.032133554698373534,0.061350200504361574,0.03193894855850754,0.014101057579318566
2023-01-24,0.0,0.0,0.0,-0.02519857573267581,-0.002317497103128785
2023-01-25,0.0,0.0,0.0,0.0030907558302892824,-0.007179812057860779
2023-01-26,0.0,0.0,0.0,0.007563025210084007,0.01212379027969801
2023-01-27,0.0,0.0,0.0,0.04948568251320551,0.007145108752758089
2023-01-30,0.03415289427754242,-0.05438045518626278,-0.01779384678734186,-0.05880794701986747,-0.005529473135106988
2023-01-31,0.0,0.0,0.0,0.04728398536448064,-0.0018883759966428215
2023-02-01,0.0,0.0,0.0,0.02768073098629409,-0.0005255413075467841
2023-02-02,0.0,0.0,0.0,0.058577405857740406,0.02145335997476061
2023-02-03,0.0,0.0,0.0,-0.04792490118577075,0.003809327705137422
2023-02-06,-0.014645535587944014,0.06720235929242957,-0.01914020618848722,0.011676180591593255,-0.005743589743589794
2023-02-07,0.0,0.0,0.0,-0.008207232623749672,0.0021662884258304427
2023-02-08,0.0,0.0,0.0,-0.029997414016033175,-0.0013381369016984834
2023-02-09,0.0,0.0,0.0,-0.029592108770994385,0.0020614306328592402
2023-02-10,0.0,0.0,0.0,-0.04340659340659336,-0.004628677226908073
2023-02-13,0.015587699263333699,-0.033207970625431016,0.0438906689731553,-0.01120045950603099,0.005890255244394016
2023-02-14,0.0,0.0,0.0,0.03601510310775491,-0.003903842202588992
2023-02-15,0.0,0.0,0.0,0.26380712082982893,0.0066006600660066805
2023-02-16,0.0,0.0,0.0,-0.033274179236912116,-0.0005122950819671512
2023-02-17,0.0,0.0,0.0,-0.0619550252409361,-0.011583803177857455
2023-02-21,0.026799616149676186,-0.00205162623291677,-0.003358531541563181,-0.08121330724070452,-0.007674756274631767
2023-02-22,0.0,0.0,0.0,-0.0002662406815763241,-0.0008361204013379586
2023-02-23,0.0,0.0,0.0,-0.004527296937416603,0.00020920502092058868
2023-02-24,0.0,0.0,0.0,-0.011235955056179803,-0.007216063585024024
2023-02-27,0.022100328031193994,-0.013549581578371273,0.013616800391946127,-0.008387445887445999,0.0062151058674810855
2023-02-28,0.0,0.0,0.0,-0.0002728512960435969,-0.0041876046901171415
2023-03-01,0.0,0.0,0.0,0.022925764192139653,-0.007674516400336451
2023-03-02,0.0,0.0,0.0,0.04669156883671288,0.004767454179468222
2023-03-03,0.0,0.0,0.0,0.05455008921743576,0.015710670603120924
2023-03-06,0.027120804525836206,0.03530507946650707,0.009445200583855229,-0.019337684312303538,0.0030104847918612787
2023-03-07,0.0,0.0,0.0,0.024648755237860476,-0.005692403229145215
2023-03-08,0.0,0.0,0.0,-0.005292278085157531,-0.0014572707400851703
2023-03-09,0.0,0.0,0.0,-0.03409915356711013,-0.0015636401542792333
2023-03-10,0.0,0.0,0.0,0.0027541311967951287,-0.02004593860931303
2023-03-13,0.027454095784977595,-0.017771069169396525,-0.0028078609254275078,0.03395755305867665,-0.02162795653100369
2023-03-14,0.0,0.0,0.0,0.04298478628350644,0.01263203746052488
2023-03-15,0.0,0.0,0.0,-0.01088214864551973,-0.009033229379503016
2023-03-16,0.0,0.0,0.0,0.06109550561797761,0.013456321215409517
2023-03-17,0.0,0.0,0.0,-0.036179130818442595,-0.007923760573937177
2023-03-20,0.03062451137203137,0.024674706650996914,0.026674973406642932,-0.007553215838864702,0.0
2023-03-21,0.0,0.0,0.0,0.03182656826568264,0.007339449541284404
2023-03-22,0.0,0.0,0.0,-0.04224407688869025,0.0020357869923925964
2023-03-23,0.0,0.0,0.0,-0.01820303383897315,-0.0056672369546620915
2023-03-24,0.0,0.0,0.0,0.0323270739244117,-0.0025809226798579887
2023-03-27,0.04906441405045703,0.005878368323010141,0.026816613581077897,-0.026709647708956896,0.006576819407008161
2023-03-28,0.0,0.0,0.0,-0.009936124911284594,-0.003427592116538092
2023-03-29,0.0,0.0,0.0,0.02771804062126626,0.009458297506448776
2023-03-30,0.0,0.0,0.0,0.0023250406882120433,0.004684838160136318
2023-03-31,0.0,0.0,0.0,0.04337740663419165,0.010385756676557945
2023-04-03,-0.06325825523016992,0.07184235699253883,-0.034192434541597594,0.03201422854602054,0.0017830920914621018
2023-04-04,0.0,0.0,0.0,-0.0028005170185265715,-0.005235053921055388
2023-04-05,0.0,0.0,0.0,-0.01944264419961117,-0.0024207978107567696
2023-04-06,0.0,0.0,0.0,0.017845340383344288,0.001055074910318643
2023-04-11,-0.008421077977298297,-0.028132578434942324,-0.026307386669552457,-0.00303030303030305,0.006429173693085932
2023-04-12,0.0,0.0,0.0,-0.018671298306556672,-0.004503089328725451
2023-04-13,0.0,0.0,0.0,0.01106194690265494,-0.0009467704607616367
2023-04-14,0.0,0.0,0.0,0.0,0.0054754132884067275
2023-04-17,-0.04193874847249712,-0.09495112251694549,-0.04793182273471952,-0.12013129102844644,0.005759765420463081
2023-04-18,0.0,0.0,0.0,0.014921661278288978,0.0015618492294875441
2023-04-19,0.0,0.0,0.0,0.006861063464837169,-0.002599022767439396
2023-04-20,0.0,0.0,0.0,0.0053541007544415375,-0.00250156347717323
2023-04-21,0.0,0.0,0.0,-0.01476640038731536,-0.0026123301985371272
2023-04-24,0.029748628339694605,-0.014152053745606685,-0.03943372922710642,-0.04029484029484032,-0.00398114195914101
2023-04-25,0.0,0.0,0.0,-0.038146441372247875,-0.0023140843588934645
2023-04-26,0.0,0.0,0.0,-0.048176736758051675,-0.009277807063784893
2023-04-27,0.0,0.0,0.0,-0.00615212527964204,0.006278599553048991
2023-04-28,0.0,0.0,0.0,0.0016882386043894915,0.00814297800338415
2023-05-02,0.033709150350455186,0.057455144258808266,-0.006347982253856244,-0.032303370786516794,-0.009440889541592279
2023-05-03,0.0,0.0,0.0,-0.0063860667634254575,0.0008471883935190494
2023-05-04,0.0,0.0,0.0,0.007303534910896969,-0.0050788276372870644
2023-05-05,0.0,0.0,0.0,0.016531322505800583,0.012974582580027594
2023-05-08,-0.002247340518660157,2.0763203450790968e-05,0.026801352902095843,0.03509272467903002,0.0029396325459318806
2023-05-09,0.0,0.0,0.0,-0.0024807056229327884,0.003245053909766593
2023-05-10,0.0,0.0,0.0,0.07405360596849953,-0.001460767946577679
2023-05-11,0.0,0.0,0.0,0.025984049395420872,0.002403343782654277
2023-05-12,0.0,0.0,0.0,-0.013039117352056206,0.0029187949546543024
2023-05-15,0.020176163279172155,0.05050025304628791,0.049474287899063274,-0.009908536585365835,0.004053632678515662
2023-05-16,0.0,0.0,0.0,0.007185014113420651,-0.0018633540372670065
2023-05-17,0.0,0.0,0.0,0.06573248407643306,0.002696535988384152
2023-05-18,0.0,0.0,0.0,0.005737508964857696,0.012515515101365171
2023-05-19,0.0,0.0,0.0,-0.04896600903256487,-0.000408621922566188
2023-05-22,-0.01921364811626991,-0.010971852664398707,0.06920806979096894,-0.012996750812296787,0.004598875830352567
2023-05-23,0.0,0.0,0.0,0.004304887313243633,-0.002848423194303118
2023-05-24,0.0,0.0,0.0,0.021432173474533522,-0.014588859416445499
2023-05-25,0.0,0.0,0.0,-0.024685262898049842,0.0034165027435553164
2023-05-26,0.0,0.0,0.0,0.015439129334345658,0.014960792406108148
2023-05-30,-0.041396823615242107,-0.0037744615584454078,-0.0028988318179554717,-0.013210368893319946,-0.0033546813052759417
2023-05-31,0.0,0.0,0.0,0.0573377115433189,-0.00550795593635256
2023-06-01,0.0,0.0,0.0,0.006450071667463142,0.005948717948717874
2023-06-02,0.0,0.0,0.0,-0.042487538571089445,0.01804649265905378
2023-06-05,-0.04053543777277557,0.01613170148265719,0.015244711863248384,0.01115518096182444,0.0023034551827743055
2023-06-06,0.0,0.0,0.0,0.013238538857563098,0.003197442046362964
2023-06-07,0.0,0.0,0.0,-0.06508589402371157,-0.002191235059760932
2023-06-08,0.0,0.0,0.0,0.005952380952380931,-0.004991016170892371
2023-06-09,0.0,0.0,0.0,-0.004630820684332404,0.00561797752808979
2023-06-12,0.019942552756582854,0.015464737954494101,0.03359039320191659,0.006720082708710384,0.001995211492418214
2023-06-13,0.0,0.0,0.0,0.034146341463414664,0.00935882118677811
2023-06-14,0.0,0.0,0.0,-0.009185700099304972,-0.00019727756954035502
2023-06-15,0.0,0.0,0.0,0.018040591330493738,-0.003354380426203618
2023-06-16,0.0,0.0,0.0,0.02879645582082202,0.0037616313601267493
2023-06-20,-0.003828715817307482,0.014671521938026011,0.034635521042084116,-0.0007177033492821172,-0.011242603550295827
2023-06-21,0.0,0.0,0.0,-0.07589178836485522,-0.005485737083582798
2023-06-22,0.0,0.0,0.0,0.013989637305699354,-0.0026075619295957697
2023-06-23,0.0,0.0,0.0,-0.032958610117526765,-0.002011060834590239
2023-06-26,0.006695227164050799,-0.0011268138589722865,-0.0013776355754412384,0.035931307793923395,-0.0019143576826196051
2023-06-27,0.0,0.0,0.0,0.06656465187452176,-0.00040379567938630956
2023-06-28,0.0,0.0,0.0,-0.043041606886657036,0.008079175924055715
2023-06-29,0.0,0.0,0.0,-0.031984007996001984,0.0034061310358646235
2023-06-30,0.0,0.0,0.0,0.04026845637583887,0.008186900958466525
2023-07-03,0.025201668528375354,0.06778580051477112,0.07102307510470784,0.04466501240694809,0.0031689443454148147
2023-07-05,0.0,0.0,0.0,-0.009026128266033329,0.00019743336623889718
2023-07-06,0.0,0.0,0.0,-0.04170661553211896,-0.016877220686932426
2023-07-07,0.0,0.0,0.0,0.029264632316158057,0.0004015661078204946
2023-07-10,0.008807448618367353,0.011522385177517469,0.014320268295636707,0.011664641555285682,-0.003712995484194681
2023-07-11,0.0,0.0,0.0,0.048282488589959094,0.004230459307010603
2023-07-12,0.0,0.0,0.0,-0.004124656278643446,0.0056168505516549505
2023-07-13,0.0,0.0,0.0,0.01932811780947996,0.0005984440454815942
2023-07-14,0.0,0.0,0.0,-0.02934537246049651,-0.0007974481658692412
2023-07-17,0.034697988706300364,0.013779684870871556,0.03581634873431483,0.03395348837209311,-0.0011971268954508174
2023-07-18,0.0,0.0,0.0,0.02429149797570851,0.0043947263284058735
2023-07-19,0.0,0.0,0.0,-0.014931927975406212,0.007557677008750874
2023-07-20,0.0,0.0,0.0,-0.0851538118591173,0.00019739439399923953
2023-07-21,0.0,0.0,0.0,-0.011452241715399603,0.001973554371422992
2023-07-24,0.06979338621260078,0.024182732469215873,0.012032292954930357,-0.025141730342617796,0.005121134528264681
2023-07-25,0.0,0.0,0.0,0.0027812895069532217,0.006074857926709809
2023-07-26,0.0,0.0,0.0,0.007312153303076219,-0.004090377873003481
2023-07-27,0.0,0.0,0.0,-0.05106382978723423,0.013886172501466953
2023-07-28,0.0,0.0,0.0,0.026905829596412634,-0.0015432098765433278
2023-07-31,-0.04791392689022589,0.008871504820586962,0.025420977389264188,0.008219881839198528,0.0005795981452858534
2023-08-01,0.0,0.0,0.0,0.004585987261146451,-0.001158524811739725
2023-08-02,0.0,0.0,0.0,-0.04565051990869884,-0.011405374057606776
2023-08-03,0.0,0.0,0.0,-0.02524581450969976,-0.00430191630817367
2023-08-04,0.0,0.0,0.0,0.021810250817884347,-0.001374705420267075
2023-08-07,-0.027054928770952613,-0.07174024069525708,0.029028279812561397,0.0032017075773747017,-0.0021632251720746787
2023-08-08,0.0,0.0,0.0,0.0037234042553191404,-0.003350413874655178
2023-08-09,0.0,0.0,0.0,-0.21939586645469,-0.0005932370970931355
2023-08-10,0.0,0.0,0.0,0.039035980991174446,0.0049465769687375705
2023-08-11,0.0,0.0,0.0,-0.025481868670369168,-0.00728489860208692
2023-08-14,0.04833958796101956,-0.027873661621350188,0.00044589489188062714,0.0238015420717399,0.004958349861166278
2023-08-15,0.0,0.0,0.0,-0.025212835625409324,-0.007104795737122527
2023-08-16,0.0,0.0,0.0,-0.017803157541148806,-0.0015901411250249797
2023-08-17,0.0,0.0,0.0,-0.047537619699042355,-0.005872984272347059
2023-08-18,0.0,0.0,0.0,-0.012208258527827698,-0.007810153199158898
2023-08-21,0.005826709227288562,-0.015611037984314957,0.021034438599303984,-0.019992729916394114,0.0003027550711474092
2023-08-22,0.0,0.0,0.0,-0.01261127596439171,0.00887812752219519
2023-08-23,0.0,0.0,0.0,-0.007513148009015702,0.007000000000000117
2023-08-24,0.0,0.0,0.0,0.0049205147615443146,-0.0031777557100298726
2023-08-25,0.0,0.0,0.0,0.009792843691148745,0.0005977286312015551
2023-08-28,0.028734712386134786,-0.007240447261631866,0.0029074619259763512,0.010816859380828214,0.0077658303464755996
2023-08-29,0.0,0.0,0.0,0.02435424354243554,0.008298755186721962
2023-08-30,0.0,0.0,0.0,0.015129682997118143,-0.00137174211248281
2023-08-31,0.0,0.0,0.0,0.003903477643719011,0.006671899529042236
2023-09-01,0.0,0.0,0.0,0.005302226935312904,0.0052631578947368585
2023-09-05,0.027150330271542122,-0.03170462683052255,0.02703269585459922,0.024261603375527407,0.00426604615086279
2023-09-06,0.0,0.0,0.0,-0.001373154823206324,-0.008109673682178076
2023-09-07,0.0,0.0,0.0,-0.010312822275696187,-0.0019466614755693223
2023-09-08,0.0,0.0,0.0,0.007641542202153628,0.0017554125219425565
2023-09-11,0.02584007865935778,-0.01835116250501001,-0.06713373341144413,-0.01585660117200971,0.0003894080996884597
2023-09-12,0.0,0.0,0.0,0.023117338003502574,0.0011677695601399751
2023-09-13,0.0,0.0,0.0,-0.05032523108524489,-0.00038880248833583764
2023-09-14,0.0,0.0,0.0,0.00036049026676288065,0.012640995721509007
2023-09-15,0.0,0.0,0.0,0.005765765765765707,-0.004993278279239455
2023-09-18,0.014259006003694896,-0.004642902287953499,-0.020573619269331767,-0.010748835542816249,-0.004053271569195105
2023-09-19,0.0,0.0,0.0,-0.023542194856935872,-0.004844961240310086
2023-09-20,0.0,0.0,0.0,-0.026335311572700304,0.0031158714703016788
2023-09-21,0.0,0.0,0.0,-0.03580952380952385,-0.01591923898272185
2023-09-22,0.0,0.0,0.0,0.00316080600553148,0.0009863878477018861
2023-09-25,-0.06179318326148786,-0.031017478445620972,0.008535797038181192,0.029539188656951598,-0.0007883326763894472
2023-09-26,0.0,0.0,0.0,0.03328232593726099,-0.008481262327416195
2023-09-27,0.0,0.0,0.0,0.014068863383931873,0.00258603540879232
2023-09-28,0.0,0.0,0.0,0.016064257028112428,0.001388888888888884
2023-09-29,0.0,0.0,0.0,0.04060366510959401,0.0015851000594411246
2023-10-02,0.0053154900439618125,0.10187509092362679,-0.039333570570889265,-0.00966850828729282,-0.0005934718100889524
2023-10-03,0.0,0.0,0.0,-0.009065550906555031,-0.011777513855898758
2023-10-04,0.0,0.0,0.0,0.04116819141449679,-0.0039058587881822815
2023-10-05,0.0,0.0,0.0,0.007772896248732675,-0.00030162879549555655
2023-10-06,0.0,0.0,0.0,0.021462105969148215,0.006537262395655219
2023-10-09,0.031039432239543974,-0.0012251199547061997,0.006204102852934268,-0.00820748522652659,0.004996003197442089
2023-10-10,0.0,0.0,0.0,0.023171135385633868,0.01352157486577843
2023-10-11,0.0,0.0,0.0,0.0274991912002589,-0.0035314891112419033
2023-10-12,0.0,0.0,0.0,-0.004093198992443425,0.007088009450679333
2023-10-13,0.0,0.0,0.0,-0.03540942143534609,-0.005474095796676459
2023-10-16,-0.05074381474581313,-0.0224829225536618,0.019439433017434116,-0.0032776138970829205,0.004324749361116709
2023-10-17,0.0,0.0,0.0,0.019401512660309095,-0.0025445292620865922
2023-10-18,0.0,0.0,0.0,-0.02612903225806451,-0.0064756671899528495
2023-10-19,0.0,0.0,0.0,0.049022855250082875,-0.010665613272763164
2023-10-20,0.0,0.0,0.0,0.002526049889485238,-0.017268915951287767
2023-10-23,0.0324725414801712,-0.035655590412085436,-0.01329817844309733,-0.037165354330708666,-0.003351955307262511
2023-10-24,0.0,0.0,0.0,0.0703303892705267,0.006114961271911801
2023-10-25,0.0,0.0,0.0,-0.04951100244498774,-0.005064829821717964
2023-10-26,0.0,0.0,0.0,-0.01768488745980712,-0.006719609040928498
2023-10-27,0.0,0.0,0.0,0.014402618657937794,-0.007482574825748323
2023-10-30,0.043250625416440425,0.023999504774129043,0.0024805955997786455,0.02420135527589551,0.0
2023-10-31,0.0,0.0,0.0,0.002205419029615685,0.007745533409067473
2023-11-01,0.0,0.0,0.0,0.0009430996541968106,0.011887681902029046
2023-11-02,0.0,0.0,0.0,0.05402010050251271,0.014583755316994296
2023-11-03,0.0,0.0,0.0,0.03992848629320611,0.004991016170892371
2023-11-06,0.04349011629857591,0.08097044617576854,-0.011844943961757948,-0.03008595988538676,-0.0013905442987683925
2023-11-07,0.0,0.0,0.0,0.036041358936484524,0.005768848219614098
2023-11-08,0.0,0.0,0.0,0.11833475905332191,-0.004351265822784778
2023-11-09,0.0,0.0,0.0,-0.02983171851096389,0.004171632896305066
2023-11-10,0.0,0.0,0.0,0.009724047306176153,-0.002373887240356032
2023-11-13,0.02135029103670094,-0.0033634410958404137,0.015990493423717833,0.008589276418532021,0.006147134642078278
2023-11-14,0.0,0.0,0.0,0.01264516129032267,0.006700827749310134
2023-11-15,0.0,0.0,0.0,0.013251783893985625,0.004306969459671128
2023-11-16,0.0,0.0,0.0,-0.035211267605633756,-0.00662768031189076
2023-11-17,0.0,0.0,0.0,-0.011730969760166965,0.003532182103610726
2023-11-20,0.015923247884674918,0.05811581938049026,0.01384935516764374,-0.0013189132155103644,0.0007821666014860007
2023-11-21,0.0,0.0,0.0,-0.030110935023771823,0.00019538882375913502
2023-11-22,0.0,0.0,0.0,0.029956427015250586,0.008204727485837005
2023-11-24,0.0,0.0,0.0,0.008461131676361644,-0.002712652586708053
2023-11-27,0.01617396761938772,-0.011815088507642901,-0.034666943540758166,0.012060828526481382,-0.0019428793471926165
2023-11-28,0.0,0.0,0.0,0.010880829015543991,-0.00155732918045548
2023-11-29,0.0,0.0,0.0,-0.008713480266530071,0.001364788457788979
2023-11-30,0.0,0.0,0.0,0.01628748707342309,0.004088785046729049
2023-12-01,0.0,0.0,0.0,0.029000254388196423,0.0095016482451038
2023-12-04,0.011842593306162552,-0.02076399316153943,-0.04810271531114774,0.01928306551297876,0.0
2023-12-05,0.0,0.0,0.0,-0.013582342954159499,0.0
2023-12-06,0.0,0.0,0.0,-0.017457585443816148,0.0
2023-12-07,0.0,0.0,0.0,-0.0025025025025025016,0.005954667691125515
2023-12-08,0.0,0.0,0.0,0.024335173105870522,0.005919419514989643
2023-12-11,0.023858381748354418,0.01509206900254112,0.04594308645230205,-0.008327210384521111,0.0030372057706911093
2023-12-12,0.0,0.0,0.0,0.03828105705112361,-0.00037850113550341735
2023-12-13,0.0,0.0,0.0,0.03020932445290203,0.002839833396440783
2023-12-14,0.0,0.0,0.0,0.027938120526437293,0.0005663583160280261
2023-12-15,0.0,0.0,0.0,-0.013477088948787075,0.0073584905660377675
2023-12-18,0.024207933270575577,0.016165604899042174,-0.0007703849196606383,0.012978142076502719,-0.0013111069488668248
2023-12-19,0.0,0.0,0.0,0.0053944706675657095,0.0015003750937734317
2023-12-20,0.0,0.0,0.0,-0.02012072434607648,0.002808988764045006
2023-12-21,0.0,0.0,0.0,0.014830025096965516,-0.006909430438842179
2023-12-22,0.0,0.0,0.0,0.03349820143884896,0.0030086498683716822
2023-12-27,0.0634012524852452,0.05569795658142129,-0.006852538824683063,0.01914291929519263,-0.0029996250468692365
2023-12-28,0.0,0.0,0.0,-0.008964781216648898,0.005453177886423521
2023-12-29,0.0,0.0,0.0,-0.015291837174240763,0.0013091453151299337
2024-01-02,0.013604031581243792,-0.031200219381356864,-0.025869652227075046,-0.05971128608923881,-0.00037355248412396236
2024-01-03,0.0,0.0,0.0,-0.02512212142358705,-0.003923766816143481
2024-01-04,0.0,0.0,0.0,0.017895490336435227,-0.00018758206715452364
2024-01-05,0.0,0.0,0.0,-0.021565869667135362,-0.0016885553470918913
2024-01-08,-0.04369944415842797,-0.02485823238121898,0.01695531296949948,0.01149976042165779,0.0013155421913173537
2024-01-09,0.0,0.0,0.0,0.00142112742775935,0.005442942942943008
2024-01-10,0.0,0.0,0.0,-0.011825922421948909,-0.0005600149337315896
2024-01-11,0.0,0.0,0.0,0.015797032072762063,-0.003175196115054235
2024-01-12,0.0,0.0,0.0,-0.03581526861451456,0.007494847292486506
2024-01-16,0.043040563215209326,-0.02292728693952406,-0.0045608021861659465,-0.03836754643206253,0.001673795796912625
2024-01-17,0.0,0.0,0.0,-0.01702668360864046,-0.008911994058670603
2024-01-18,0.0,0.0,0.0,0.005429162357807771,0.0050580741850880795
2024-01-19,0.0,0.0,0.0,-0.005142710208279833,0.0031686859273065693
2024-01-22,0.041779683793429,0.008252738302408247,0.03797602441491077,0.04626518480227437,0.009290226681531122
2024-01-23,0.0,0.0,0.0,0.007411067193676013,0.0023932253313696528
2024-01-24,0.0,0.0,0.0,0.0009808729769493763,0.005876951331496683
2024-01-25,0.0,0.0,0.0,0.012248897599216102,0.004564542632828239
2024-01-26,0.0,0.0,0.0,-0.022023233301064926,0.0007270083605961375
2024-01-29,0.015341415898157518,0.0014015355090608583,0.009783142314802928,0.01905468943330857,0.004358881220486666
2024-01-30,0.0,0.0,0.0,-0.04953861097620205,0.0007233273056059808
2024-01-31,0.0,0.0,0.0,-0.008431272355646335,-0.004878930249367586
2024-02-01,0.0,0.0,0.0,0.013398608606029372,-0.0034501543490103037
2024-02-02,0.0,0.0,0.0,0.03407068395626767,0.014395043731778356
2024-02-05,-0.002017065569334009,0.01710125091054948,-0.009766019783104984,-0.03245635603639041,0.00197592958505477
2024-02-06,0.0,0.0,0.0,0.031766200762388896,0.004661168877733823
2024-02-07,0.0,0.0,0.0,0.10197044334975369,0.0035688793718773315
2024-02-08,0.0,0.0,0.0,0.002905677246311855,-0.0001778093883357812
2024-02-09,0.0,0.0,0.0,-0.010474704702473803,0.0010670460608217525
2024-02-12,0.02321044879949219,0.01943469597599834,0.06519455014643105,-0.014864864864864824,0.009237875288683695
2024-02-13,0.0,0.0,0.0,-0.03246456332876091,-0.010385495511353704
2024-02-14,0.0,0.0,0.0,0.04300567107750464,0.0024902170046245953
2024-02-15,0.0,0.0,0.0,0.006796556411418075,0.003903477643719011
2024-02-16,0.0,0.0,0.0,-0.03442844284428448,0.004772004241781591
2024-02-20,-0.031204259437657367,0.009719686164141095,-0.011141726962636378,-0.03495688650664186,-0.010729991204925238
2024-02-21,0.0,0.0,0.0,-0.016179666747162424,-0.0005334281650071215
2024-02-22,0.0,0.0,0.0,0.040991654393716104,0.016011385874399542
2024-02-23,0.0,0.0,0.0,-0.02240037726951183,0.002801610926282727
2024-02-26,0.05668423665751243,0.03571823300376087,0.04197354074808435,-0.004100337674867394,-0.0034922297887201026
2024-02-27,0.0,0.0,0.0,-0.011140712036812772,-0.0012265638689329394
2024-02-28,0.0,0.0,0.0,-0.01640950281655651,-0.00070175438596487
2024-02-29,0.0,0.0,0.0,-0.006474103585657365,0.002633426966292207
2024-03-01,0.0,0.0,0.0,0.03558897243107784,0.007179127998599322
2024-03-04,0.029398061666263686,-0.012652039936907444,0.06682432723442733,-0.04017424975798656,-0.000869262865090481
2024-03-05,0.0,0.0,0.0,-0.019919314170448787,-0.006960153123368729
2024-03-06,0.0,0.0,0.0,0.02572678157962449,0.004380585246188895
2024-03-07,0.0,0.0,0.0,0.006270378730875326,0.0040125610607117945
2024-03-08,0.0,0.0,0.0,-0.004486540378863424,0.00017376194613394347
2024-03-11,0.007031918822733241,0.0037735344100842116,-0.0036738259171719134,0.05257886830245373,-0.005385684503127264
2024-03-12,0.0,0.0,0.0,-0.02925784966698375,0.008209606986899542
2024-03-13,0.0,0.0,0.0,-0.010291595197255643,-0.00034650034650030026
2024-03-14,0.0,0.0,0.0,0.006437236939836444,0.0005199306759098299
2024-03-15,0.0,0.0,0.0,-0.0346863468634685,-0.0057162653732893975
2024-03-18,0.06904164673878022,0.02216026145211747,-0.02930466686558586,-0.07747196738022422,0.0076655052264809065
2024-03-19,0.0,0.0,0.0,0.007182320441988965,0.0013831258644536604
2024-03-20,0.0,0.0,0.0,0.03730115194733963,0.0024171270718231774
2024-03-21,0.0,0.0,0.0,-0.003437334743522036,0.013951085084395354
2024-03-22,0.0,0.0,0.0,-0.011408861767046918,-0.0010191948360793734
2024-03-25,0.004728836542805315,0.019601135256661628,0.008215003695281053,-0.016103059581320522,-0.002550586634926133
2024-03-26,0.0,0.0,0.0,0.017184942716857776,0.002045687009887498
2024-03-27,0.0,0.0,0.0,0.01582193617591865,-0.0006805035726437092
2024-03-28,0.0,0.0,0.0,0.007919746568109787,0.006809669731018042
2024-04-02,0.03773790472521199,0.050167418236632955,-0.009389238415893009,-0.03719224724986914,-0.006932702062901641
2024-04-03,0.0,0.0,0.0,-0.008705114254624613,0.0006810829218457659
2024-04-04,0.0,0.0,0.0,0.009879253567508295,0.0013612387272416981
2024-04-05,0.0,0.0,0.0,0.027717391304347805,-0.006966864910790238
2024-04-08,-0.02397082844211673,-0.02974413076698934,0.04931758250944207,0.01057641459545211,0.0017111567419576534
2024-04-09,0.0,0.0,0.0,0.02276295133438011,-0.0040997608472839175
2024-04-10,0.0,0.0,0.0,0.01816321309797897,0.0037735849056603765
2024-04-11,0.0,0.0,0.0,-0.013567839195979925,0.0023923444976075015
2024-04-12,0.0,0.0,0.0,-0.02266938359653592,0.0034094783498124226
2024-04-15,0.007566705094538051,-0.05080550853308896,-0.0678724224774272,-0.044566067240031315,-0.0025484199796126372
2024-04-16,0.0,0.0,0.0,-0.0005455537370430141,-0.015499914835632844
2024-04-17,0.0,0.0,0.0,-0.007368995633187825,-0.00588235294117645
2024-04-18,0.0,0.0,0.0,-0.022546054440472973,0.002958579881656931
2024-04-19,0.0,0.0,0.0,-0.005907172995780363,-0.008502516050668096
2024-04-22,-0.03092956571889649,0.03763384523040458,-0.038102461854320424,-0.010752688172043112,0.0022751137556877854
2024-04-23,0.0,0.0,0.0,0.038329519450800875,0.010476689366160086
2024-04-24,0.0,0.0,0.0,-0.03663911845730028,0.00034560221185420126
2024-04-25,0.0,0.0,0.0,0.01601372605090079,-0.011228191397477993
2024-04-26,0.0,0.0,0.0,0.013509710104137262,0.01712089447938503
2024-04-29,0.022175388177064548,0.024541711890048168,-0.013193152928300367,0.015273535129130877,0.0012023359670216838
2024-04-30,0.0,0.0,0.0,-0.027352297592997843,-0.0029164522216503785
2024-05-02,0.0,0.0,0.0,0.05005624296962874,-0.004817618719889727
2024-05-03,0.0,0.0,0.0,0.050883770755222324,0.008125864453665255
2024-05-06,0.004127526108457458,-0.01041850085361462,-0.0024688680142954667,0.022171253822629966,0.006859886811867666
2024-05-07,0.0,0.0,0.0,0.010720518573921645,0.005620848237097631
2024-05-08,0.0,0.0,0.0,-0.03724716329551059,0.0
2024-05-09,0.0,0.0,0.0,-0.22059953881629513,0.001524390243902607
2024-05-10,0.0,0.0,0.0,0.033859303090072235,0.0032132589210214224
2024-05-13,-0.033709700376367,-0.015217376588487763,-0.009701956391967692,-0.015580286168521362,-0.0003371544167228846
2024-05-14,0.0,0.0,0.0,0.022609819121446995,-0.0006745362563237434
2024-05-15,0.0,0.0,0.0,0.042640555906506616,0.007256159298008713
2024-05-16,0.0,0.0,0.0,-0.0075734625870947925,0.003518177249120402
2024-05-17,0.0,0.0,0.0,0.004273504273504258,-0.002003338898163509
2024-05-20,0.04919420270257224,-0.00730695393015135,-0.07973804219372571,0.02097264437689983,0.0051856808297090495
2024-05-21,0.0,0.0,0.0,-0.03096159571301005,-0.0029955067398902413
2024-05-22,0.0,0.0,0.0,0.01781874039938569,0.0005007511266901243
2024-05-23,0.0,0.0,0.0,-0.03501358285541811,0.00016683350016699627
2024-05-24,0.0,0.0,0.0,0.021895527056615682,-0.004170141784820669
2024-05-28,0.030575236701177788,-0.013825249479673674,0.028951775552834347,0.008876645240281533,-0.0015075376884422509
2024-05-29,0.0,0.0,0.0,0.004550970873786309,-0.004529441368897769
2024-05-30,0.0,0.0,0.0,0.001208094231349932,-0.00353892821031343
2024-05-31,0.0,0.0,0.0,0.014177978883861186,-0.006257398951462934
2024-06-03,0.022263843066258504,-0.009216312512037028,-0.018500693475207663,0.02558001189767989,0.007658270932607181
2024-06-04,0.0,0.0,0.0,0.015081206496519783,-0.003884478973146477
2024-06-05,0.0,0.0,0.0,0.017142857142857126,0.012885723974228602
2024-06-06,0.0,0.0,0.0,0.0011235955056179137,0.0036826247070638196
2024-06-07,0.0,0.0,0.0,-0.0002805836139169182,0.004503002001334133
2024-06-10,0.020743461505972727,-0.07480004859578426,-0.0005951040986401646,-0.01796239124333432,0.004316785654989275
2024-06-11,0.0,0.0,0.0,0.014289797084881428,-0.0019837989750373097
2024-06-12,0.0,0.0,0.0,0.015215553677092153,0.005300646016233257
2024-06-13,0.0,0.0,0.0,-0.014154870940882525,-0.0004943153732080985
2024-06-14,0.0,0.0,0.0,-0.011824324324324342,0.0029673590504453173
2024-06-17,0.0015552121723174661,-0.029674226930471614,-0.03038399264932179,0.022792022792022637,0.0004930966469427478
2024-06-18,0.0,0.0,0.0,0.0,0.0055856743880402515
2024-06-20,0.0,0.0,0.0,-0.0011142061281337323,0.005227903937265133
2024-06-21,0.0,0.0,0.0,0.008365867261572735,-0.0029254022428083504
2024-06-24,0.010060060487863343,-0.04223790765941271,0.021103111990247614,-0.026825221238938046,0.0014669926650365817
2024-06-25,0.0,0.0,0.0,0.006820119352088705,-0.0013020833333332593
2024-06-26,0.0,0.0,0.0,0.041772509173017225,0.00032594524119944346
2024-06-27,0.0,0.0,0.0,0.008398807911135231,-0.0006516780710329462
2024-06-28,0.0,0.0,0.0,-0.00026867275658237766,0.004075643951744423
2024-07-01,-0.004594717432458761,0.03523434418363691,-0.00926015610041786,-0.004031174415479621,-0.005358012664393619
2024-07-02,0.0,0.0,0.0,0.0021586616297895045,0.0016323865491347789
2024-07-03,0.0,0.0,0.0,0.01696284329563813,0.0032594524119948787
2024-07-05,0.0,0.0,0.0,0.024093195657929556,0.002436647173489348
2024-07-08,0.040948236164264795,0.05488342362282461,-0.008840835406085046,0.029472595656670153,0.0021066277750769746
2024-07-09,0.0,0.0,0.0,-0.010798593671521806,0.001455368693402237
2024-07-10,0.0,0.0,0.0,0.006854531607006775,0.004521233650896184
2024-07-11,0.0,0.0,0.0,-0.02874432677760952,-0.0014467127471468055
2024-07-12,0.0,0.0,0.0,0.052180685358255374,0.004829362524146896
2024-07-15,0.009822534217230894,-0.03575452605656504,0.03870323239946272,0.014310387367382216,-0.000640820249919849
2024-07-16,0.0,0.0,0.0,0.004135246898564926,0.0009618467457517266
2024-07-17,0.0,0.0,0.0,-0.03100775193798455,-0.010409993593850086
2024-07-18,0.0,0.0,0.0,-0.005249999999999977,-0.005016993040945161
2024-07-19,0.0,0.0,0.0,0.01834631817039467,-0.006994144437215355
2024-07-22,-0.0022796844229314717,0.030526600633790313,-0.012414479989753091,0.011846001974333609,0.004258804258804316
2024-07-23,0.0,0.0,0.0,0.0019512195121951237,0.00897080411025919
2024-07-24,0.0,0.0,0.0,-0.027263875365141077,-0.01632719043000319
2024-07-25,0.0,0.0,0.0,0.014514514514514465,-0.005094494658997584
2024-07-26,0.0,0.0,0.0,-0.0007400098667982302,0.002147340601255321
2024-07-29,-0.03151193734292412,-0.005145388139348617,-0.028329828162787507,0.0014811157738829905,0.0016482610845558465
2024-07-30,0.0,0.0,0.0,0.01133842740941593,0.000493664637156499
2024-07-31,0.0,0.0,0.0,0.011942481111381964,0.015625
2024-08-01,0.0,0.0,0.0,-0.06430635838150289,-0.010202429149797632
2024-08-02,0.0,0.0,0.0,0.004890604890604777,-0.038612565445026226
2024-08-05,-0.0016575691589606478,-0.002962284318216546,0.033961026632376656,-0.06429303278688525,-0.023144996596324074
2024-08-06,0.0,0.0,0.0,0.031207226936764254,0.00749128919860631
2024-08-07,0.0,0.0,0.0,-0.03955402176798517,0.015908697907660363
2024-08-08,0.0,0.0,0.0,0.027363184079602032,0.0013617021276595143
2024-08-09,0.0,0.0,0.0,-0.004035512510088712,0.0032296447390787186
2024-08-12,0.0030946320238347536,0.0260451307452656,-0.0014690023804515562,0.008103727714748654,0.0022026431718060735
2024-08-13,0.0,0.0,0.0,0.03831725616291526,0.008622147083685583
2024-08-14,0.0,0.0,0.0,0.008774193548387155,0.0018437814280927167
2024-08-15,0.0,0.0,0.0,0.036070606293169494,0.017400033461602904
2024-08-16,0.0,0.0,0.0,0.0022222222222223476,0.0009866798223976403
2024-08-19,-0.009777270735955912,0.006643190010586775,0.020884949439899048,0.006651884700665134,0.0029571217348447476
2024-08-20,0.0,0.0,0.0,-0.007831620166421915,-0.003276003276003192
2024-08-21,0.0,0.0,0.0,0.06931425752343379,0.0018077239112572752
2024-08-22,0.0,0.0,0.0,0.000230680507496972,0.0006561679790026975
2024-08-23,0.0,0.0,0.0,0.01845018450184499,0.0008196721311475308
2024-08-26,0.012099953507706429,0.0757299424688409,0.007262103870356418,-0.004981884057970953,-0.0014742014742014087
2024-08-27,0.0,0.0,0.0,0.005006827492034516,0.0006561679790026975
2024-08-28,0.0,0.0,0.0,-0.0006793478260868069,0.0003278688524590567
2024-08-29,0.0,0.0,0.0,-0.012689780194878764,0.011307767944936042
2024-08-30,0.0,0.0,0.0,0.00963966031673169,-0.0032409658078107473
2024-09-03,0.01100703015544724,-0.0556923540421409,0.0015564033642589958,-0.024323709934075954,-0.00438953015769783
2024-09-04,0.0,0.0,0.0,0.007921714818266423,-0.010777269758327934
2024-09-05,0.0,0.0,0.0,0.010402219140083213,-0.00610762627930006
2024-09-06,0.0,0.0,0.0,-0.0016014641958361775,-0.01312074406244812
2024-09-09,-0.055930353850146,-0.024887370832251565,0.01521628091195959,-0.00045829514207151867,0.011275664759340387
2024-09-10,0.0,0.0,0.0,0.029344337459880743,0.0009985022466298954
2024-09-11,0.0,0.0,0.0,0.002004454342984463,-0.004156275976724855
2024-09-12,0.0,0.0,0.0,0.009335407868415135,0.01719532554257097
2024-09-13,0.0,0.0,0.0,0.010129927328782262,0.006893156080748364
2024-09-16,-0.04217476714993851,0.011707017688299626,-0.02807585672455093,0.008066274253324623,-0.004563977180114143
2024-09-17,0.0,0.0,0.0,-0.010813148788927363,0.006386114295071188
2024-09-18,0.0,0.0,0.0,-0.010056843025798012,-0.004881223560039172
2024-09-19,0.0,0.0,0.0,0.02252650176678439,0.014224983649444134
2024-09-20,0.0,0.0,0.0,-0.005831533477321682,-0.006287280348218571
2024-09-23,0.0062755964021079524,0.038295286408793094,-0.005174391696406433,-0.01086248099065823,0.007300454250486643
2024-09-24,0.0,0.0,0.0,0.034702394025917016,0.0022547914317925244
2024-09-25,0.0,0.0,0.0,0.011250265336446574,0.0001606941989396038
2024-09-26,0.0,0.0,0.0,-0.05814441645675905,0.005784061696658016
2024-09-27,0.0,0.0,0.0,-0.015377757967461547,0.002875399361022435
2024-09-30,0.049116221516481984,0.10937619282700628,0.016583983772103794,0.001810774105930335,-0.002867155144950617
2024-10-01,0.0,0.0,0.0,-0.016493447808404782,0.0022364217252395235
2024-10-02,0.0,0.0,0.0,-0.0032161727544222085,0.00573796620975453
2024-10-03,0.0,0.0,0.0,-0.027886609817930452,-0.0028526148969888476
2024-10-04,0.0,0.0,0.0,-0.0045045045045044585,0.006039415130324244
2024-10-07,0.037557096572459425,0.09253227389920093,-0.004577480444582727,-0.014289116456299156,0.003475513428120136
2024-10-08,0.0,0.0,0.0,-0.021261174196665955,-0.002361460957178929
2024-10-09,0.0,0.0,0.0,0.030362873364601528,0.006154331702698412
2024-10-10,0.0,0.0,0.0,-0.008145663632007749,0.0017252195734003273
2024-10-11,0.0,0.0,0.0,0.004830917874396157,0.0036010646625959097
2024-10-14,0.012798736365948749,-0.0830248416950804,0.010777839028567326,-0.019471153846153944,0.006864274570983042
2024-10-15,0.0,0.0,0.0,-0.0007354743809757647,-0.003563681437868005
2024-10-16,0.0,0.0,0.0,0.015456329735034302,0.0007774840615766276
2024-10-17,0.0,0.0,0.0,-0.03696545059193046,0.007924176507147385
2024-10-18,0.0,0.0,0.0,0.001756146512794876,-0.0006166178510869091
2024-10-21,0.03216671902960577,0.03458899749880717,0.07299026185741453,0.009516654144753334,-0.0044732376985962
2024-10-22,0.0,0.0,0.0,0.02431158521458676,0.0012395413696932867
2024-10-23,0.0,0.0,0.0,-0.003148462097360194,-0.0029402661714639233
2024-10-24,0.0,0.0,0.0,0.015063168124392678,-0.002172900822598134
2024-10-25,0.0,0.0,0.0,0.008616562948779327,0.003421994089283009
2024-10-28,-0.012581420074307514,-0.004837798744031341,0.016064047251924896,0.0037968675842430244,-0.0003100294527981218
2024-10-29,0.0,0.0,0.0,0.0073286052009455815,0.00062025120173681
2024-10-30,0.0,0.0,0.0,0.012438394743018,-0.00619866728653351
2024-10-31,0.0,0.0,0.0,0.19888734353268434,-0.01590519257757672
2024-11-01,0.0,0.0,0.0,-0.005413766434648082,0.00808112818887663
2024-11-04,-0.027197908773751056,0.006509627897998582,0.03465818822805966,-0.027993779160186527,-0.007387613957874906
2024-11-05,0.0,0.0,0.0,0.023600000000000065,0.005384006334125058
2024-11-06,0.0,0.0,0.0,0.033606877686596315,0.02709088045361452
2024-11-07,0.0,0.0,0.0,0.003969754253308144,0.007360834227879254
2024-11-08,0.0,0.0,0.0,-0.013368480512144676,0.004566905160602763
2024-11-11,0.04356474237406216,-0.024596574985925712,-0.02491295324509535,0.04122137404580162,0.009698439157448169
2024-11-12,0.0,0.0,0.0,-0.0032991202346041026,-0.004652558907399129
2024-11-13,0.0,0.0,0.0,-0.02280250091945568,0.003015681544028981
2024-11-14,0.0,0.0,0.0,-0.007715468573579298,-0.0007516536380035577
2024-11-15,0.0,0.0,0.0,-0.03792907263417411,-0.011885060929742619
2024-11-18,0.04478230231969782,-0.01510055560186574,0.017218182227966672,0.00591366055588427,0.00380633373934236
2024-11-19,0.0,0.0,0.0,0.023711542230060667,-0.0007583801001063151
2024-11-20,0.0,0.0,0.0,-0.013782542113323082,0.0003035822707955216
2024-11-21,0.0,0.0,0.0,-0.04211956521739135,0.011229135053110628
2024-11-22,0.0,0.0,0.0,0.0006079027355623268,0.011554621848739455
2024-11-25,0.025247907127256664,-0.03062275874377418,0.05887509609252617,-0.0044552450384772735,-0.002670226969292311
2024-11-26,0.0,0.0,0.0,-0.002034174125305044,0.0007437156031533387
2024-11-27,0.0,0.0,0.0,0.006318793314308957,-0.008026159334126093
2024-11-29,0.0,0.0,0.0,0.015393963945716127,0.008091099790230816
2024-12-02,0.05401708249697901,-0.010095708991520458,0.023229176712052046,0.04049471374426483,0.008917954815695461
2024-12-03,0.0,0.0,0.0,0.02626533742331305,-0.0008839127872717345
2024-12-04,0.0,0.0,0.0,0.018867924528301883,0.0030964317310528955
2024-12-05,0.0,0.0,0.0,0.08067473414008064,-0.0007349698662354465
2024-12-06,0.0,0.0,0.0,0.0062775704105870744,0.0005884083553986397
2024-12-09,0.019675577635000385,-0.068051543654016,-0.016972360010705012,-0.04012814027988543,-0.0007350779182593303
2024-12-10,0.0,0.0,0.0,-0.011768838924995584,0.0004413711931734454
2024-12-11,0.0,0.0,0.0,0.0645218627799502,0.0051470588235293935
2024-12-12,0.0,0.0,0.0,-0.004675237936216381,-0.0020482809070958563
2024-12-13,0.0,0.0,0.0,-0.00016775708773697495,-0.0046913942237207795
2024-12-16,-0.0018331180840996941,-0.012585202665585826,-0.020270942510188794,0.031040268456375752,0.001325673884224443
2024-12-17,0.0,0.0,0.0,-0.0032546786004882255,-0.0033833480435422336
2024-12-18,0.0,0.0,0.0,-0.040000000000000036,0.002066420664206703
2024-12-19,0.0,0.0,0.0,0.0018707482993196578,-0.01428781852997496
2024-12-20,0.0,0.0,0.0,0.02037005601765407,0.0016437537358038323
2024-12-23,-0.012601229260302715,0.019834142479111527,0.08113662170770208,-0.0139743803027782,-0.002237803968372476
2024-12-27,0.0,0.0,0.0,0.0030369495528934642,0.0044856459330144816
2024-12-30,-0.02579696762399286,0.006171225194044672,-0.00969944445298343,-0.016316232127838615,-0.008484668055969147
2025-01-02,0.0,0.0,0.0,0.006155950752394057,0.016964419756793303
2025-01-03,0.0,0.0,0.0,0.027702243371855895,-0.00177147918511944
2025-01-06,0.044077235668847026,0.06160787622380681,0.034944931575121574,0.024144203737390457,0.00473232771369414
2025-01-07,0.0,0.0,0.0,-0.010172775714516469,-0.007065057403591424
2025-01-08,0.0,0.0,0.0,0.012234910277324706,0.0005929439667953229
2025-01-10,0.0,0.0,0.0,-0.0037066881547138664,-0.009481481481481535
2025-01-13,0.019157995070051337,-0.05407610228964854,0.01890497606363928,-0.007279197670656767,-0.001346096320670065
2025-01-14,0.0,0.0,0.0,0.014502199771875501,-0.0016474464579900872
2025-01-15,0.0,0.0,0.0,0.023771281721811865,0.015451545154515411
2025-01-16,0.0,0.0,0.0,0.023846877941637867,0.0031023784901760276
2025-01-17,0.0,0.0,0.0,0.004137296965982085,0.008983799705449158
2025-01-21,0.0009228606201747702,-0.06043216092595516,0.0006533344999046786,0.008698306119334642,-0.003941030506495524
2025-01-22,0.0,0.0,0.0,-0.0015128593040846239,0.0073270808909731144
2025-01-23,0.0,0.0,0.0,0.016818181818181843,0.0010183299389003864
2025-01-24,0.0,0.0,0.0,-0.0005960363582179218,-0.003487865135881507
2025-01-27,-0.037239573737855025,-0.030392637931182853,-0.012519652610487708,0.0014909795735800202,-0.01647950998979142
2025-01-28,0.0,0.0,0.0,0.01875837427422966,0.012010676156583688
2025-01-29,0.0,0.0,0.0,0.02411223147742203,0.004688644688644494
2025-01-30,0.0,0.0,0.0,0.018550228310502348,0.0036459092897769274
2025-01-31,0.0,0.0,0.0,-0.004342953208181566,0.008863702412089669
2025-02-03,-0.04275317860982564,-0.03680443033760239,0.019090807532055942,-0.005487547488391531,-0.007777617744490928
2025-02-04,0.0,0.0,0.0,0.0440011318619129,0.00043547684714773105
2025-02-05,0.0,0.0,0.0,0.022767312643989568,-0.0033372025536855254
2025-02-06,0.0,0.0,0.0,-0.11063998939976138,0.010773038287960501
2025-02-07,0.0,0.0,0.0,-0.012514898688915421,-0.001440299582313287
2025-02-10,-0.04433944211288676,-0.031005983428909145,0.03377330989317939,-0.01855763427881718,0.006490696668109086
2025-02-11,0.0,0.0,0.0,0.01537279016141424,-0.002866150759530006
2025-02-12,0.0,0.0,0.0,-0.028009084027251996,-0.006179936763437643
2025-02-13,0.0,0.0,0.0,0.020716510903426855,0.004483007953723694
2025-02-14,0.0,0.0,0.0,0.018617427132610942,-0.0015836452634609977
2025-02-18,-0.0038514834758265337,-0.07151715781575696,0.025549506439807912,-0.009737827715355918,0.0063446286950255
2025-02-19,0.0,0.0,0.0,-0.037216338880484034,0.0030090270812437314
2025-02-20,0.0,0.0,0.0,-0.012884978001257097,-0.00914285714285712
2025-02-21,0.0,0.0,0.0,-0.004934734161095244,0.001874279123414091
2025-02-24,-0.04530070360967442,0.024875711091360442,0.04046111284719034,-0.023036314189729623,-0.011512447834220674
2025-02-25,0.0,0.0,0.0,-0.027345668904535825,-0.014266996651623343
2025-02-26,0.0,0.0,0.0,0.0063973063973064015,0.01329198050509528
2025-02-27,0.0,0.0,0.0,0.01087320173971218,0.0013117621337996876
2025-02-28,0.0,0.0,0.0,0.05311931160019867,-0.011499272197962207
2025-03-03,0.016365565118225955,0.024070746476796412,-0.056454005334016455,-0.02294154619736022,0.0020615520541893417
2025-03-04,0.0,0.0,0.0,0.0077195239626888235,-0.03085966201322554
2025-03-05,0.0,0.0,0.0,0.010373443983402675,-0.012130401819560266
2025-03-06,0.0,0.0,0.0,-0.07486968883272782,0.0016884113584036964
2025-03-07,0.0,0.0,0.0,-0.023903022024927445,-0.016242721422004336
2025-03-10,-0.026475616146517833,0.016244696648928914,0.03520000998626105,-0.059471750918313804,-0.007943925233644955
2025-03-11,0.0,0.0,0.0,0.018225776455272458,-0.018213220285759113
2025-03-12,0.0,0.0,0.0,0.038538812785388066,0.010714856868702993
2025-03-13,0.0,0.0,0.0,-0.01987337319732685,-0.006329113924050778
2025-03-14,0.0,0.0,0.0,0.013996052395478298,0.011783439490445913
2025-03-17,0.04764632774727451,-0.035354845216739816,-0.030736035463670763,0.00814015218545383,0.004878816493547378
2025-03-18,0.0,0.0,0.0,-0.017377567140600347,-0.003915426781519238
2025-03-19,0.0,0.0,0.0,0.03787066809574857,0.009905660377358627
2025-03-20,0.0,0.0,0.0,-0.0030981067125644968,0.0021796668223572624
2025-03-21,0.0,0.0,0.0,0.055939226519337026,-0.002796333695821107
2025-03-24,0.01327289714055424,-0.019159892307290205,0.04974512011545018,0.0003270111183781843,0.016201900607571318
2025-03-25,0.0,0.0,0.0,0.01356652500817268,0.001073125862333102
2025-03-26,0.0,0.0,0.0,-0.02660861151427185,-0.00444104134762624
2025-03-27,0.0,0.0,0.0,-0.014247846255798557,-0.002922627288109658
2025-03-28,0.0,0.0,0.0,-0.007226890756302562,-0.021135452020980994
2025-03-31,0.04242288027868213,-0.04105309110106037,-0.035138840640469016,-0.013204672422549524,-0.006461780929866046
2025-04-01,0.0,0.0,0.0,0.04632012352032944,0.011421319796954377
2025-04-02,0.0,0.0,0.0,0.010165600918183193,-0.0017252195734002163
2025-04-03,0.0,0.0,0.0,-0.05502353514039926,-0.04713275726630006
2025-04-04,0.0,0.0,0.0,-0.09034695980762619,-0.045342126957955475
2025-04-07,-0.018805069195232615,0.02437358897061359,-0.005812074467635986,-0.008119335347432033,-0.02832469775474955
2025-04-08,0.0,0.0,0.0,-0.02493813059204264,0.030394596516174932
2025-04-09,0.0,0.0,0.0,0.11889886762983215,-0.04692082111436946
2025-04-10,0.0,0.0,0.0,-0.02076426452626079,0.03873303167420805
2025-04-11,0.0,0.0,0.0,0.020313613684960874,-0.0074925945286635764
2025-04-14,-0.0010774427192441483,0.030937690550749908,-0.06397377113991454,-0.006112469437652868,0.027914325842696597
2025-04-15,0.0,0.0,0.0,0.03461606044631882,0.010247651579846417
2025-04-16,0.0,0.0,0.0,0.003566576086956541,-0.011834319526627168
2025-04-17,0.0,0.0,0.0,0.010492469114909309,-0.009238665526090761
2025-04-22,-0.010934994265902498,0.034824941730783765,0.04694558377577529,0.04086417685479815,-0.0063892246589535295
2025-04-23,0.0,0.0,0.0,0.021399839098954043,0.02902328814737576
2025-04-24,0.0,0.0,0.0,0.03481411468178952,0.008444519506840109
2025-04-25,0.0,0.0,0.0,0.013548485309788472,0.0031820465583654034
2025-04-28,0.0005432084860743647,0.05469411281758174,0.001592442007060102,-0.002252928807449539,0.0028380634390652304
2025-04-29,0.0,0.0,0.0,-0.00045160319132919735,0.004661228566672282
2025-04-30,0.0,0.0,0.0,0.009789156626505813,0.003645401822700789
2025-05-02,0.0,0.0,0.0,0.10499627143922452,0.024764735017335227
2025-05-05,-0.006473540789346366,0.03464381419507734,-0.00016205912640687714,-0.03063841274126078,0.0024166263895601947
2025-05-06,0.0,0.0,0.0,-0.014619883040935644,-0.005303760848601735
2025-05-07,0.0,0.0,0.0,-0.004662992793556531,-0.005170463725965413
2025-05-08,0.0,0.0,0.0,-0.005536626916524678,0.015104758811109287
2025-05-09,0.0,0.0,0.0,0.026124197002141303,-0.00048000000000003595
2025-05-12,-0.0423844870282325,0.06565707006143251,-0.006154524031520059,0.022398441847523598,0.03281575156074901
2025-05-13,0.0,0.0,0.0,0.04803374608790323,0.005269683818970972
2025-05-14,0.0,0.0,0.0,0.031550246689171724,-0.002004316990440902
2025-05-15,0.0,0.0,0.0,0.0166142227816235,0.003553221072145618
2025-05-16,0.0,0.0,0.0,0.006190417234121615,0.006003694581280694
2025-05-19,0.0008424958215862421,0.053011551369909427,-0.06266422719107478,-0.0007382798080473041,-0.004743687834735888
2025-05-20,0.0,0.0,0.0,0.006156877231868085,0.0012300123001229846
2025-05-21,0.0,0.0,0.0,-0.006731122261657063,-0.007063882063882199
2025-05-22,0.0,0.0,0.0,0.008008871365204673,-0.006959480358799897
2025-05-23,0.0,0.0,0.0,0.005500550055005604,-0.009967294813891803
2025-05-27,-0.032307670851137615,0.036325177235180695,-0.031570296656731056,0.038536348164357026,0.015258769859996857
2025-05-28,0.0,0.0,0.0,-0.009247337001053513,0.0007747133560582764
2025-05-29,0.0,0.0,0.0,0.0017722117202270127,-0.004489859111317607
2025-05-30,0.0,0.0,0.0,0.02582851751385773,-0.0009331259720062324
2025-06-02,0.01703338767719953,-0.031116645673499033,0.04501113307976823,0.03414578063922735,-0.004047322540473242
2025-06-03,0.0,0.0,0.0,0.0,0.011566114410753503
2025-06-04,0.0,0.0,0.0,0.012451361867704236,0.001081582200247233
2025-06-05,0.0,0.0,0.0,0.03436916657516198,0.0007717240314863982
2025-06-06,0.0,0.0,0.0,0.01698513800424628,0.0038556446637878494
2025-06-09,0.0013901087017769154,0.02965279986920777,-0.08191925834924618,-0.024843423799582376,0.0007681671531725165
2025-06-10,0.0,0.0,0.0,0.0032113037893384266,0.0001535155050660375
2025-06-11,0.0,0.0,0.0,0.026141698676910075,0.00046047582501929085
2025-06-12,0.0,0.0,0.0,-0.011022148279089095,-0.009051856397668034
2025-06-13,0.0,0.0,0.0,0.021659131531910347,-0.004644681839294007
2025-06-16,0.012488893725801642,-0.0495026586408458,-0.08956607823191398,0.03365236184007414,0.004821900762171261
2025-06-17,0.0,0.0,0.0,0.006770211071286392,-0.002631578947368207
2025-06-18,0.0,0.0,0.0,0.015130537974683556,-0.0007760360080709683
2025-06-20,0.0,0.0,0.0,-0.005455431076473505,-0.005591798695246952
2025-06-23,-0.006848957215398577,-0.12998412005160476,0.04683223649066259,0.013713390145949633,-0.002186816619806242
2025-06-24,0.0,0.0,0.0,0.012464972461107449,0.010958046336881688
2025-06-25,0.0,0.0,0.0,-0.018514983775529625,-0.0006193868070608621
2025-06-26,0.0,0.0,0.0,0.02100350058343059,0.0006197706848465323
2025-06-27,0.0,0.0,0.0,0.005619047619047635,0.007277794982966768
2025-06-30,-0.030567597796811508,-0.037724107617923996,0.02705229041199364,-0.0036935315844303096,-0.0024596464258261896
2025-07-01,0.0,0.0,0.0,-0.04325095057034223,-0.0015410695022344267
2025-07-02,0.0,0.0,0.0,0.017386984600099353,0.00262386170705331
2025-07-03,0.0,0.0,0.0,0.011621093749999867,0.010006157635467972
2025-07-07,-0.02114285477274802,0.048168947718907784,-0.002057066650816841,0.04025485085432967,-0.003962810547172735
2025-07-08,0.0,0.0,0.0,-0.026169265033407663,0.00030604437643466653
2025-07-09,0.0,0.0,0.0,0.01658090337335638,0.0027535566773748688
2025-07-10,0.0,0.0,0.0,-0.015466816647919046,0.006864988558352492
2025-07-11,0.0,0.0,0.0,0.006283918880319872,-0.00545454545454549
2025-07-14,-0.021008430066885464,0.01765139638921598,-0.016534193963860577,0.058094427098117185,0.0012187690432663434
2025-07-15,0.0,0.0,0.0,0.005812393812036243,0.006086427267194328
2025-07-16,0.0,0.0,0.0,0.05814366998577514,-0.01391409558378709
2025-07-17,0.0,0.0,0.0,0.02646614014451365,0.020245398773006018
2025-07-18,0.0,0.0,0.0,0.019071785217320114,-0.003457606734816432
2025-07-21,-0.02641829966348186,-0.013039347931182554,0.016821632219713667,0.0,0.0012068185246643104
2025-07-22,0.0,0.0,0.0,-0.0345381526104418,-0.0064788307970469194
2025-07-23,0.0,0.0,0.0,-0.013061564059900221,0.008947528055808451
2025-07-24,0.0,0.0,0.0,-0.004299081176768027,0.001503081316699184
2025-07-25,0.0,0.0,0.0,0.005926176769387004,0.0010505778177998248
2025-07-28,-0.031402993036993454,-0.06136192368294857,0.05717630570711485,0.018010435953543125,0.008545727136431758
2025-07-29,0.0,0.0,0.0,-0.021742724867724883,0.004013676230117502
2025-07-30,0.0,0.0,0.0,0.055860728471224474,0.004589872668048445
2025-07-31,0.0,0.0,0.0,0.10284936769649433,0.0014738393515107973
2025-08-01,0.0,0.0,0.0,-0.09260468829378032,-0.02840323767476094
2025-08-04,-0.03427959456875118,0.03304917538238472,-0.0055818121479457306,0.04534911621210891,0.010602847621932865
2025-08-05,0.0,0.0,0.0,-0.02746748278500377,-0.0016486810551559206
2025-08-06,0.0,0.0,0.0,0.05530642750373671,0.0018015313016064294
2025-08-07,0.0,0.0,0.0,-0.033621589384225326,0.003296867975423279
2025-08-08,0.0,0.0,0.0,-0.007097122579649673,0.0022404779686331366
2025-08-11,-0.006241494631815558,-0.021533193523203487,-0.010479166482247004,0.015771890296014224,0.0062593144560358915
2025-08-12,0.0,0.0,0.0,-0.009255009943399228,-0.00014810426540268207
2025-08-13,0.0,0.0,0.0,-0.02123060294912371,0.0020737668493555628
2025-08-14,0.0,0.0,0.0,-0.011831519167061044,0.00458240946045807
2025-08-15,0.0,0.0,0.0,-0.06337803320561941,-0.0032371983519717817
2025-08-18,0.003378080814884221,0.05501708866852795,-0.03341915421995434,0.022243054371910764,0.002361972246826216
2025-08-19,0.0,0.0,0.0,-0.013922467694872931,0.0001472754050071412
2025-08-20,0.0,0.0,0.0,0.001775448089279541,-0.005448387571786006
2025-08-21,0.0,0.0,0.0,-0.030719891974006264,0.003405389398874581
2025-08-22,0.0,0.0,0.0,0.023247714410100206,0.006344990408735596
2025-08-25,0.022038907798043628,-0.03699195941036437,0.03578518707050149,0.062031994554118564,-0.0011730205278591699
2025-08-26,0.0,0.0,0.0,-0.0004006089255668144,-0.001908396946564972
2025-08-27,0.0,0.0,0.0,-0.016511702468740008,0.006177379026327534
2025-08-28,0.0,0.0,0.0,0.034066829665851506,-0.002046484432100537
2025-08-29,0.0,0.0,0.0,-0.018048549810844805,-0.007763292807968392
2025-09-02,0.07048950711948887,0.003142445279639805,0.05756652429544107,0.031142146239666157,-0.00797165633303798
2025-09-03,0.0,0.0,0.0,0.038841752938429286,0.006696428571428603
2025-09-04,0.0,0.0,0.0,-0.027498876067735822,0.007243163340724168
2025-09-05,0.0,0.0,0.0,-0.01617998304954149,-0.00528324038743766
2025-09-08,0.03238465132641588,-0.01849214783327424,-0.038471059891091786,0.006108544130315696,0.006491590439657635
2025-09-09,0.0,0.0,0.0,0.02584260916945591,0.0010260920551159458
2025-09-10,0.0,0.0,0.0,0.007967220578192657,0.00585737296822364
2025-09-11,0.0,0.0,0.0,0.0009033423667570428,0.006696753530353927
2025-09-12,0.0,0.0,0.0,0.0026323706377857636,0.0002892263195950484
2025-09-15,-0.00011393787221025686,0.01361702230044548,0.01948451361648873,0.02955517215512704,0.0017348561515109218
2025-09-16,0.0,0.0,0.0,-0.010273224043715778,-0.0075046904315198
2025-09-17,0.0,0.0,0.0,-0.003386336866902262,0.0007270612185545922
2025-09-18,0.0,0.0,0.0,0.0011818584724478942,0.009590235396687241
2025-09-19,0.0,0.0,0.0,-0.0026560424966798335,0.0005757052389174788
2025-09-22,0.03662113204547768,-2.8484685920759922e-05,0.052228655945582014,0.012279923065542153,0.0017261219792865656
2025-09-23,0.0,0.0,0.0,-0.0337620578778135,0.001723147616312426
2025-09-24,0.0,0.0,0.0,0.006882468612917858,-0.001290137614678999
2025-09-25,0.0,0.0,0.0,-0.00818748591602192,-0.001435338022104382
2025-09-26,0.0,0.0,0.0,0.02287185701302641,-0.0005749604714674339
2025-09-29,-0.009612693247094017,0.0069813206351316826,-0.008161847703395009,0.04812675847771364,0.003883215878038193
2025-09-30,0.0,0.0,0.0,-0.02147499293585753,-0.0010028653295127699
2025-10-01,0.0,0.0,0.0,-0.03212532486283581,0.007457335436684254
2025-10-02,0.0,0.0,0.0,-0.00425151040501226,0.003985765124555174
2025-10-03,0.0,0.0,0.0,-0.08097378277153555,0.004253509145044632
2025-10-06,0.01694926286105014,0.01953287066721976,-0.010937053511700157,0.02917923221126406,0.003670760976987264
2025-10-07,0.0,0.0,0.0,-0.01013700799873285,-0.0019693346462230643
2025-10-08,0.0,0.0,0.0,0.007840627250180088,0.008879492600422756
2025-10-09,0.0,0.0,0.0,0.0036516630943876915,0.0
2025-10-10,0.0,0.0,0.0,0.0029265206042867753,-0.021234981838502365
2025-10-13,-0.08142017064603835,0.08426590889122165,0.020898550845653174,0.011356466876971671,0.009420496717099658
2025-10-14,0.0,0.0,0.0,0.0393013100436681,-0.004242081447963786
2025-10-15,0.0,0.0,0.0,0.03961584633853543,0.005964214711729587
2025-10-16,0.0,0.0,0.0,-0.02937355658198615,0.00042348955392434995
2025-10-17,0.0,0.0,0.0,-0.011673730388876646,-0.011570481162692325
2025-10-20,0.04035795998162017,-0.00790082281578497,0.029273946261439532,0.014444778814324488,0.018272662384011484
2025-10-21,0.0,0.0,0.0,-0.012459210916642038,0.003224449740642177
2025-10-22,0.0,0.0,0.0,-0.038750375488134536,-0.005170486305198452
2025-10-23,0.0,0.0,0.0,0.009687500000000071,0.004354544177552988
2025-10-27,-0.034678099606302415,0.06601093859320106,-0.005510110345244068,-0.005803156917362995,0.014265734265734187
2025-10-28,0.0,0.0,0.0,0.025138143046151473,0.0012410369553226275
2025-10-29,0.0,0.0,0.0,0.015335560279380545,0.002616719460129424
2025-10-30,0.0,0.0,0.0,-0.155077015103933,0.0004120879120879106
2025-10-31,0.0,0.0,0.0,0.006371681415929142,-0.000823836331182215
2025-11-03,-0.024028242487226015,0.08365359798686955,0.0416826477450698,-0.05328877945831867,0.001649031194173478
2025-11-04,0.0,0.0,0.0,-0.03278840795095672,-0.003567018795445298
2025-11-05,0.0,0.0,0.0,-0.018150388936905792,0.0013768415255406286
2025-11-06,0.0,0.0,0.0,-0.009389671361502261,-0.01443695861405192
2025-11-07,0.0,0.0,0.0,0.05489731437598744,-0.012695312500000111
2025-11-10,-0.01430764982793109,-0.08175274430322743,0.014474799504466285,-0.013852489704230697,0.021195421788893665
2025-11-11,0.0,0.0,0.0,-0.006454062262718274,0.0033208800332089616
2025-11-12,0.0,0.0,0.0,-0.0032479938861291746,0.004964832436905153
2025-11-13,0.0,0.0,0.0,-0.029423040061338,-0.013174145738987342
2025-11-14,0.0,0.0,0.0,0.009973338599782888,-0.0009734390209983346
2025-11-17,-0.04143783034892434,0.04981408119636477,0.05411205165914934,-0.009874853343762258,-0.004593541202672635
2025-11-18,0.0,0.0,0.0,0.004542312629604028,-0.01286533351978747
2025-11-19,0.0,0.0,0.0,-0.042858547134571934,0.001416631250885203
2025-11-20,0.0,0.0,0.0,-0.05823148813803025,0.005941434432027215
2025-11-21,0.0,0.0,0.0,-0.026717557251908386,-0.009984531008296882
2025-11-24,0.021258388916255866,0.008782461328217028,-0.017542047473636746,0.014901960784313717,0.011789772727272663
2025-11-25,0.0,0.0,0.0,0.005409582689335446,0.0023866348448686736
2025-11-26,0.0,0.0,0.0,0.01822773690567714,0.011344537815125788
2025-11-28,0.0,0.0,0.0,0.02480319206297854,0.002908184461986041
2025-12-01,0.022658034517481607,-0.0733246209541012,0.031053778263231413,-0.013048510996527374,-0.003728251864125842
2025-12-02,0.0,0.0,0.0,-0.0009595905746881961,-0.00027720027720046225
2025-12-03,0.0,0.0,0.0,-0.017075773745998002,-0.0005545542769997969
2025-12-04,0.0,0.0,0.0,0.033767643865363794,0.0024968789013732895
2025-12-05,0.0,0.0,0.0,0.011238315303014446,0.004289470042894816
2025-12-08,0.026527624695874108,0.08360201649162247,-0.02090774673619633,0.014125467386788548,-0.0017911270322402695
2025-12-09,0.0,0.0,0.0,0.013928717738631802,0.0005521048999308498
2025-12-10,0.0,0.0,0.0,-0.04686868686868684,-0.0017933508070078208
2025-12-11,0.0,0.0,0.0,-0.0002119542178888878,-0.004422332780541605
2025-12-12,0.0,0.0,0.0,-0.06179775280898869,-0.006246529705719039
2025-12-15,-0.017243945671247762,0.05698314867410259,-0.013642106968525969,-0.017512145520280353,0.001955580388322442
2025-12-16,0.0,0.0,0.0,0.005519779208831732,-0.007109995817649595
2025-12-17,0.0,0.0,0.0,-0.017497712717291836,-0.004493119910137455
2025-12-18,0.0,0.0,0.0,-0.023280176929344698,0.012129760225670028
2025-12-19,0.0,0.0,0.0,-0.02347753545465381,0.00459866220735794
2025-12-22,-0.008019525277778161,0.001118622678925485,0.044080045814210544,0.00048816206980717425,0.001525870439728072
2025-12-23,0.0,0.0,0.0,-0.01207611612588444,0.0020775623268696197
2025-12-29,0.03897298571124397,-0.037148817664753975,0.01909846588626607,0.006544017779972933,0.0019350380096752051
2025-12-30,0.0,0.0,0.0,0.0035574092247301348,0.003034901365705611
2026-01-02,0.0,0.0,0.0,-0.010512162327343866,-0.0019254572961078242
2026-01-05,0.07529490016351326,-0.002333123243144164,-0.03412635295966171,0.0011117974058061364,0.013366404850489344
2026-01-06,0.0,0.0,0.0,-0.06428923988154012,0.004215392983410116
2026-01-07,0.0,0.0,0.0,0.007780561782935624,0.0020311442112390665
2026-01-08,0.0,0.0,0.0,-0.033106516618686244,-0.0018918918918918726
2026-01-09,0.0,0.0,0.0,-0.008390851265394517,0.007988085567289582
2026-01-12,0.0412742423605279,0.05154622748238569,-0.02166018102711409,0.04708611983076305,0.000671591672263272
2026-01-13,0.0,0.0,0.0,0.10531803962460895,0.0017449664429529665
2026-01-14,0.0,0.0,0.0,-0.022759433962264097,-0.005761758006163631
2026-01-16,0.0,0.0,0.0,0.053215880294437135,0.010107816711590223
