Date,Open,High,Low,Close,Volume
2023-01-02,91.6,92.42,91.34,92.27,123252
2023-01-03,91.91,92.94,91.55,91.65,91969
2023-01-04,91.97,92.53,91.72,92.53,57430
2023-01-05,92.01,92.55,91.8,92.16,76899
2023-01-06,92.28,93.08,92.1,92.96,40103
2023-01-09,93.04,93.71,92.97,93.58,84024
2023-01-10,92.57,92.91,92.32,92.61,62959
2023-01-11,93.08,93.47,92.97,93.39,64975
2023-01-12,93.9,94.48,93.29,93.66,45763
2023-01-13,93.79,94.07,93.39,94.0,46278
2023-01-16,94.29,94.47,94.0,94.34,101513
2023-01-17,94.13,94.87,93.96,94.63,42263
2023-01-18,94.53,94.89,94.07,94.07,49640
2023-01-19,93.52,93.54,92.77,92.93,44919
2023-01-20,93.24,93.7,92.86,93.61,34573
2023-01-23,93.78,95.13,93.61,94.93,57168
2023-01-24,94.89,94.9,94.4,94.71,42604
2023-01-25,94.66,94.66,93.4,94.03,41755
2023-01-26,94.89,95.35,94.8,95.17,31140
2023-01-27,95.41,95.98,95.25,95.85,32410
2023-01-30,95.15,95.39,94.64,95.32,67403
2023-01-31,94.96,95.19,94.33,95.14,71779
2023-02-01,95.49,95.99,94.84,95.09,136842
2023-02-02,95.66,97.13,95.62,97.13,69884
2023-02-03,96.53,97.5,96.32,97.5,63208
2023-02-06,96.63,96.94,96.2,96.94,99690
2023-02-07,97.0,97.17,96.82,97.15,69412
2023-02-08,97.68,97.73,96.96,97.02,75233
2023-02-09,97.66,97.8,97.17,97.22,57537
2023-02-10,96.37,96.86,96.12,96.77,64343
2023-02-13,96.79,97.43,96.75,97.34,45809
2023-02-14,97.44,97.71,96.85,96.96,67684
2023-02-15,96.89,97.62,96.83,97.6,94157
2023-02-16,98.0,98.08,96.97,97.55,40069
2023-02-17,96.78,97.03,96.4,96.42,46182
2023-02-20,96.73,96.84,96.54,96.65,32428
2023-02-21,96.44,96.53,95.6,95.68,45794
2023-02-22,95.47,95.72,95.12,95.6,54767
2023-02-23,95.96,96.35,95.58,95.62,37329
2023-02-24,95.98,96.05,94.73,94.93,57582
2023-02-27,95.66,96.0,95.44,95.52,51279
2023-02-28,95.02,95.46,94.83,95.12,51851
2023-03-01,95.25,95.5,94.19,94.39,163764
2023-03-02,94.11,95.0,94.07,94.84,73129
2023-03-03,95.56,96.35,95.44,96.33,30509
2023-03-06,96.62,96.73,96.3,96.62,67728
2023-03-07,96.33,96.66,95.95,96.07,69441
2023-03-08,95.89,96.2,95.82,95.93,48408
2023-03-09,95.9,96.22,95.6,95.78,33269
2023-03-10,93.78,94.92,92.78,93.86,167466
2023-03-13,93.06,93.14,90.92,91.83,246433
2023-03-14,91.93,93.11,91.67,92.99,74432
2023-03-15,92.54,92.98,91.43,92.15,207555
2023-03-16,92.93,93.58,92.05,93.39,75792
2023-03-17,93.86,94.09,92.4,92.65,95496
2023-03-20,92.15,93.14,91.6,92.65,79347
2023-03-21,93.19,93.6,93.12,93.33,46029
2023-03-22,93.58,93.92,93.44,93.52,52929
2023-03-23,92.49,93.29,92.25,92.99,64627
2023-03-24,92.82,93.02,92.26,92.75,73178
2023-03-27,93.77,93.78,93.2,93.36,71841
2023-03-28,93.58,93.75,92.85,93.04,47939
2023-03-29,93.74,93.98,93.58,93.92,61678
2023-03-30,94.44,94.57,94.09,94.36,84262
2023-03-31,94.5,95.38,94.44,95.34,39736
2023-04-03,95.88,95.93,95.36,95.51,115528
2023-04-04,95.79,96.05,94.83,95.01,50867
2023-04-05,95.02,95.07,94.58,94.78,53630
2023-04-06,94.93,95.13,94.68,94.88,150325
2023-04-11,95.74,95.76,95.36,95.49,38737
2023-04-12,95.42,95.9,94.81,95.06,85331
2023-04-13,95.05,95.24,94.53,94.97,65414
2023-04-14,95.25,95.91,95.17,95.49,76686
2023-04-17,95.96,96.26,95.82,96.04,103008
2023-04-18,96.36,96.67,96.04,96.19,80642
2023-04-19,95.97,96.05,95.68,95.94,47389
2023-04-20,95.87,95.93,95.42,95.7,32250
2023-04-21,95.66,95.74,95.28,95.45,54874
2023-04-24,95.25,95.4,95.01,95.07,56934
2023-04-25,94.77,94.99,94.6,94.85,39165
2023-04-26,94.6,94.68,93.46,93.97,73401
2023-04-27,93.98,94.99,93.82,94.56,49983
2023-04-28,95.06,95.58,94.76,95.33,48228
2023-05-02,95.88,95.99,94.36,94.43,157953
2023-05-03,94.78,94.99,94.4,94.51,50535
2023-05-04,94.11,94.39,93.6,94.03,88440
2023-05-05,94.28,95.39,94.19,95.25,121564
2023-05-08,95.31,95.66,95.27,95.53,141767
2023-05-09,95.7,95.84,95.47,95.84,35239
2023-05-10,95.7,96.06,95.37,95.7,69795
2023-05-11,96.29,96.45,95.6,95.93,43568
2023-05-12,96.2,96.55,96.04,96.21,47515
2023-05-15,96.69,96.8,96.15,96.6,74733
2023-05-16,96.45,96.6,96.23,96.42,58162
2023-05-17,96.25,96.79,96.18,96.68,61369
2023-05-18,97.23,98.03,97.23,97.89,40335
2023-05-19,98.2,98.48,97.85,97.85,41831
2023-05-22,98.01,98.34,97.78,98.3,44983
2023-05-23,97.96,98.18,97.79,98.02,51244
2023-05-24,97.07,97.12,96.28,96.59,42598
2023-05-25,97.05,97.47,96.84,96.92,84506
2023-05-26,97.31,98.56,97.01,98.37,79483
2023-05-29,98.62,98.66,98.43,98.58,26858
2023-05-30,98.68,98.93,97.95,98.04,61155
2023-05-31,97.83,98.27,97.36,97.5,37869
2023-06-01,98.0,98.19,97.38,98.08,124511
2023-06-02,98.62,99.96,98.55,99.85,63431
2023-06-05,100.08,100.46,99.84,100.08,65451
2023-06-06,99.87,100.5,99.79,100.4,36311
2023-06-07,100.32,100.48,100.0,100.18,63113
2023-06-08,99.78,99.94,99.28,99.68,36191
2023-06-09,99.9,100.52,99.66,100.24,33058
2023-06-12,100.54,100.58,100.14,100.44,77500
2023-06-13,101.0,101.38,100.72,101.38,72442
2023-06-14,101.34,101.58,101.08,101.36,103550
2023-06-15,101.22,101.28,100.36,101.02,89981
2023-06-16,101.22,101.7,101.12,101.4,76730
2023-06-19,100.98,101.2,100.76,100.82,64822
2023-06-20,100.6,100.8,100.12,100.26,72108
2023-06-21,100.18,100.4,99.49,99.71,41366
2023-06-22,99.07,99.45,98.71,99.45,46326
2023-06-23,99.29,99.85,99.03,99.25,45511
2023-06-26,99.21,99.37,98.83,99.06,81877
2023-06-27,99.12,99.13,98.56,99.02,40351
2023-06-28,99.5,99.89,99.24,99.82,43026
2023-06-29,99.83,100.22,99.63,100.16,40575
2023-06-30,100.52,101.06,100.44,100.98,51438
2023-07-03,101.48,101.66,101.12,101.3,104582
2023-07-04,101.54,101.56,101.34,101.46,36797
2023-07-05,101.18,101.36,100.8,101.32,44532
2023-07-06,100.82,100.84,99.49,99.61,57018
2023-07-07,99.67,99.95,99.52,99.65,70647
2023-07-10,98.97,99.49,98.87,99.28,52481
2023-07-11,99.42,99.81,99.2,99.7,37419
2023-07-12,99.97,100.5,99.88,100.26,25473
2023-07-13,100.26,100.48,100.2,100.32,44484
2023-07-14,100.3,100.5,100.06,100.24,44526
2023-07-17,99.86,100.18,99.69,100.12,128974
2023-07-18,99.95,100.6,99.82,100.56,75794
2023-07-19,101.0,101.5,100.78,101.32,38309
2023-07-20,100.9,101.34,100.84,101.34,37144
2023-07-21,101.26,101.62,101.2,101.54,32407
2023-07-24,101.1,102.18,101.06,102.06,55075
2023-07-25,102.26,102.76,102.14,102.68,35203
2023-07-26,102.62,102.62,102.1,102.26,32747
2023-07-27,102.76,103.98,102.62,103.68,70994
2023-07-28,103.26,103.62,103.22,103.52,50470
2023-07-31,103.46,103.8,103.3,103.58,55765
2023-08-01,103.92,103.98,103.36,103.46,103524
2023-08-02,102.48,102.98,102.02,102.28,94181
2023-08-03,102.14,102.14,101.48,101.84,83331
2023-08-04,102.06,102.26,101.3,101.7,74766
2023-08-07,101.64,101.78,101.36,101.48,70113
2023-08-08,101.42,101.7,101.0,101.14,51486
2023-08-09,101.92,101.98,100.98,101.08,47559
2023-08-10,101.36,101.96,101.1,101.58,62084
2023-08-11,101.1,101.16,100.62,100.84,45748
2023-08-14,100.96,101.52,100.9,101.34,66514
2023-08-15,101.42,101.48,100.24,100.62,89669
2023-08-16,100.36,100.56,100.16,100.46,73886
2023-08-17,100.2,100.32,99.78,99.87,65457
2023-08-18,99.31,99.38,98.67,99.09,79175
2023-08-21,99.21,99.55,99.02,99.12,50520
2023-08-22,99.52,100.4,99.49,100.0,41171
2023-08-23,100.18,100.78,100.14,100.7,33785
2023-08-24,101.6,101.72,100.38,100.38,25849
2023-08-25,100.3,100.62,99.94,100.44,52186
2023-08-28,100.84,101.44,100.7,101.22,174305
2023-08-29,101.56,102.06,101.28,102.06,28821
2023-08-30,102.14,102.28,101.52,101.92,80833
2023-08-31,102.22,102.88,102.18,102.6,33011
2023-09-01,102.6,103.3,102.56,103.14,109730
2023-09-04,103.5,103.64,103.22,103.24,71577
2023-09-05,103.06,103.74,102.94,103.58,37869
2023-09-06,103.12,103.16,102.66,102.74,45132
2023-09-07,102.48,102.7,102.16,102.54,38607
2023-09-08,102.66,102.74,102.14,102.72,45232
2023-09-11,102.86,103.16,102.66,102.76,41998
2023-09-12,103.12,103.14,102.78,102.88,60601
2023-09-13,102.56,102.84,102.3,102.84,59448
2023-09-14,102.96,104.26,102.82,104.14,34667
2023-09-15,104.74,104.82,103.6,103.62,70032
2023-09-18,103.6,103.62,103.02,103.2,35585
2023-09-19,103.16,103.38,102.52,102.7,53419
2023-09-20,102.94,103.2,102.82,103.02,50306
2023-09-21,102.28,102.86,101.26,101.38,93653
2023-09-22,101.12,101.58,101.04,101.48,70764
2023-09-25,101.1,101.46,100.58,101.4,79029
2023-09-26,101.02,101.08,100.4,100.54,84597
2023-09-27,100.74,101.2,100.7,100.8,46952
2023-09-28,101.0,101.16,100.4,100.94,36611
2023-09-29,101.18,101.66,101.06,101.1,75050
2023-10-02,101.06,101.8,100.66,101.04,121719
2023-10-03,100.96,101.14,99.8,99.85,149513
2023-10-04,99.24,99.74,99.06,99.46,106953
2023-10-05,99.94,100.24,99.3,99.43,76044
2023-10-06,99.8,100.38,99.34,100.08,87829
2023-10-09,100.18,100.58,99.98,100.58,67911
2023-10-10,101.36,101.98,101.16,101.94,45211
2023-10-11,101.66,102.0,101.54,101.58,37691
2023-10-12,102.28,102.58,102.18,102.3,80027
2023-10-13,102.06,102.4,101.6,101.74,106589
2023-10-16,101.64,102.26,101.22,102.18,145850
2023-10-17,102.02,102.12,101.3,101.92,57113
2023-10-18,101.56,101.68,101.12,101.26,38012
2023-10-19,100.5,100.64,99.94,100.18,118229
2023-10-20,99.15,99.37,98.36,98.45,136528
2023-10-23,98.38,98.48,97.4,98.12,120925
2023-10-24,97.8,98.98,97.7,98.72,112119
2023-10-25,98.43,98.76,97.95,98.22,77691
2023-10-26,97.3,97.87,97.17,97.56,74303
2023-10-27,97.43,97.69,96.76,96.83,75583
2023-10-30,97.31,97.42,96.52,96.83,132199
2023-10-31,96.9,97.68,96.82,97.58,66756
2023-11-01,97.96,98.91,97.82,98.74,142499
2023-11-02,99.22,100.18,99.19,100.18,73476
2023-11-03,100.5,100.8,100.18,100.68,123769
2023-11-06,100.72,100.78,100.52,100.54,62182
2023-11-07,100.48,101.16,100.44,101.12,43511
2023-11-08,100.8,101.24,100.6,100.68,48752
2023-11-09,100.9,101.32,100.74,101.1,52696
2023-11-10,100.7,100.92,100.2,100.86,56919
2023-11-13,101.16,101.5,101.12,101.48,48556
2023-11-14,101.44,102.3,101.18,102.16,56728
2023-11-15,102.3,102.78,102.24,102.6,81856
2023-11-16,102.36,102.4,101.78,101.92,45193
2023-11-17,102.54,102.68,102.14,102.28,36962
2023-11-20,102.12,102.4,101.98,102.36,65335
2023-11-21,102.48,102.56,102.2,102.38,47693
2023-11-22,102.6,103.34,102.56,103.22,39853
2023-11-23,103.08,103.22,102.92,103.16,25839
2023-11-24,102.98,103.1,102.8,102.94,28321
2023-11-27,102.62,102.84,102.42,102.74,47565
2023-11-28,102.52,102.58,102.14,102.58,46417
2023-11-29,102.52,103.06,102.4,102.72,26015
2023-11-30,102.98,103.4,102.86,103.14,57129
2023-12-01,103.58,104.24,103.48,104.12,127233
2023-12-04,104.12,104.12,104.12,104.12,0
2023-12-05,104.12,104.12,104.12,104.12,0
2023-12-06,104.12,104.12,104.12,104.12,0
2023-12-07,104.42,104.86,104.26,104.74,51490
2023-12-08,104.82,105.48,104.74,105.36,67461
2023-12-11,105.48,105.88,105.2,105.68,63899
2023-12-12,105.84,105.88,105.36,105.64,59626
2023-12-13,105.94,106.08,105.86,105.94,51073
2023-12-14,106.8,106.94,105.92,106.0,78613
2023-12-15,106.36,106.82,106.3,106.78,114728
2023-12-18,106.56,106.78,106.44,106.64,52804
2023-12-19,106.72,106.9,106.56,106.8,56399
2023-12-20,107.08,107.14,106.82,107.1,46314
2023-12-21,106.48,106.58,106.06,106.36,63585
2023-12-22,106.34,106.8,106.14,106.68,55029
2023-12-27,106.84,106.96,106.18,106.36,65886
2023-12-28,106.86,107.0,106.54,106.94,51355
2023-12-29,107.14,107.28,106.86,107.08,39452
2024-01-02,107.38,107.44,106.8,107.04,202047
2024-01-03,106.98,107.08,106.44,106.62,72707
2024-01-04,106.68,106.68,106.16,106.6,86969
2024-01-05,106.2,106.56,105.92,106.42,97346
2024-01-08,106.22,106.58,105.88,106.56,70383
2024-01-09,107.06,107.18,106.6,107.14,52532
2024-01-10,107.22,107.4,107.02,107.08,61524
2024-01-11,107.74,107.9,106.7,106.74,49649
2024-01-12,107.28,107.9,107.16,107.54,50313
2024-01-15,107.7,107.76,107.42,107.58,98261
2024-01-16,107.1,107.82,107.06,107.72,51320
2024-01-17,106.7,106.92,106.42,106.76,74561
2024-01-18,106.66,107.34,106.6,107.3,55283
2024-01-19,107.66,107.94,107.44,107.64,60619
2024-01-22,108.5,108.9,108.42,108.64,55353
2024-01-23,108.58,109.14,108.34,108.9,63126
2024-01-24,109.46,109.68,109.28,109.54,56661
2024-01-25,109.26,110.06,109.12,110.04,59554
2024-01-26,109.86,110.24,109.64,110.12,54574
2024-01-29,110.34,110.68,110.24,110.6,71333
2024-01-30,110.84,111.0,110.48,110.68,62385
2024-01-31,110.76,110.8,109.98,110.14,78285
2024-02-01,110.14,110.4,109.56,109.76,148135
2024-02-02,110.7,111.34,110.52,111.34,40765
2024-02-05,111.52,111.88,111.32,111.56,67769
2024-02-06,112.0,112.22,111.68,112.08,81738
2024-02-07,112.04,112.68,111.94,112.48,52190
2024-02-08,112.56,112.74,112.4,112.46,45055
2024-02-09,112.56,112.92,112.46,112.58,75826
2024-02-12,112.9,113.62,112.84,113.62,75038
2024-02-13,113.28,113.3,112.1,112.44,103831
2024-02-14,112.58,113.04,112.52,112.72,77647
2024-02-15,113.4,113.5,112.9,113.16,78595
2024-02-16,113.82,114.0,113.32,113.7,49416
2024-02-19,113.3,113.64,113.18,113.52,54796
2024-02-20,113.28,113.3,112.38,112.48,90186
2024-02-21,112.58,112.62,112.28,112.42,58763
2024-02-22,113.44,114.24,113.24,114.22,42779
2024-02-23,114.44,114.84,114.26,114.54,50731
2024-02-26,114.3,114.4,114.06,114.14,49377
2024-02-27,114.0,114.2,113.78,114.0,40090
2024-02-28,114.14,114.2,113.72,113.92,49496
2024-02-29,113.94,114.38,113.56,114.22,61062
2024-03-01,114.92,115.16,114.54,115.04,145433
2024-03-04,115.1,115.26,114.82,114.94,79895
2024-03-05,114.8,114.8,113.96,114.14,97550
2024-03-06,114.3,114.78,114.26,114.64,49795
2024-03-07,114.26,115.3,114.1,115.1,60536
2024-03-08,115.3,115.66,115.08,115.12,66012
2024-03-11,114.4,114.52,114.04,114.5,131547
2024-03-12,115.04,115.72,114.66,115.44,86119
2024-03-13,115.6,115.62,115.32,115.4,56678
2024-03-14,115.68,115.88,115.1,115.46,62526
2024-03-15,115.52,115.78,114.78,114.8,88517
2024-03-18,115.26,115.76,115.06,115.68,66340
2024-03-19,115.58,115.84,115.2,115.84,63751
2024-03-20,115.96,116.34,115.92,116.12,41736
2024-03-21,117.2,117.8,116.9,117.74,62654
2024-03-22,117.7,117.98,117.52,117.62,75486
2024-03-25,117.54,117.64,117.08,117.32,73368
2024-03-26,117.4,117.62,117.24,117.56,50140
2024-03-27,117.48,117.84,117.32,117.48,78343
2024-03-28,118.14,118.44,118.06,118.28,61795
2024-04-02,118.86,118.94,117.28,117.46,207263
2024-04-03,117.5,117.6,117.18,117.54,95816
2024-04-04,117.48,117.86,117.38,117.7,107931
2024-04-05,116.22,117.06,116.12,116.88,109096
2024-04-08,116.92,117.38,116.8,117.08,57936
2024-04-09,117.14,117.28,116.28,116.6,114582
2024-04-10,117.38,117.6,116.32,117.04,83446
2024-04-11,117.38,117.54,116.76,117.32,51352
2024-04-12,118.42,118.5,117.5,117.72,58713
2024-04-15,117.7,118.18,117.24,117.42,100788
2024-04-16,115.76,115.94,115.2,115.6,98090
2024-04-17,115.42,115.92,114.92,114.92,84503
2024-04-18,115.12,115.42,114.54,115.26,55779
2024-04-19,114.08,114.66,113.92,114.28,64451
2024-04-22,114.56,114.9,114.26,114.54,82355
2024-04-23,115.3,115.82,114.84,115.74,71742
2024-04-24,116.34,116.44,115.6,115.78,43891
2024-04-25,115.22,115.38,114.1,114.48,62550
2024-04-26,115.9,116.7,115.6,116.44,54865
2024-04-29,116.78,117.02,116.58,116.58,94125
2024-04-30,116.88,116.88,116.16,116.24,101066
2024-05-02,115.7,116.1,115.42,115.68,148273
2024-05-03,116.32,117.0,116.12,116.62,82161
2024-05-06,117.14,117.5,116.98,117.42,83877
2024-05-07,117.94,118.12,117.76,118.08,66734
2024-05-08,118.14,118.26,117.6,118.08,54487
2024-05-09,118.04,118.3,117.9,118.26,31657
2024-05-10,118.7,119.0,118.6,118.64,47518
2024-05-13,118.92,118.92,118.54,118.6,60043
2024-05-14,118.62,118.78,118.22,118.52,69377
2024-05-15,118.9,119.38,118.66,119.38,86081
2024-05-16,119.72,119.92,119.62,119.8,43609
2024-05-17,119.56,119.8,119.46,119.56,39060
2024-05-20,119.76,120.18,119.68,120.18,36453
2024-05-21,119.72,119.88,119.5,119.82,62340
2024-05-22,119.8,120.0,119.74,119.88,46081
2024-05-23,120.32,120.74,119.54,119.9,41197
2024-05-24,119.1,119.58,118.98,119.4,60683
2024-05-27,119.54,119.7,119.38,119.7,48233
2024-05-28,119.6,119.72,119.16,119.22,66146
2024-05-29,118.88,118.96,118.32,118.68,60119
2024-05-30,118.22,118.5,118.08,118.26,58982
2024-05-31,118.08,118.3,117.4,117.52,93032
2024-06-03,119.3,119.34,118.36,118.42,181358
2024-06-04,118.18,118.56,117.78,117.96,89771
2024-06-05,118.76,119.48,118.66,119.48,56587
2024-06-06,119.88,120.14,119.66,119.92,49001
2024-06-07,119.98,120.68,119.54,120.46,70813
2024-06-10,120.54,120.98,120.3,120.98,52417
2024-06-11,120.86,120.88,120.32,120.74,45970
2024-06-12,121.18,121.66,120.98,121.38,53683
2024-06-13,121.46,121.58,121.04,121.32,63361
2024-06-14,121.92,122.06,121.24,121.68,68325
2024-06-17,121.98,122.08,121.48,121.74,86173
2024-06-18,122.4,122.58,122.24,122.42,65172
2024-06-19,122.82,122.9,122.54,122.62,85207
2024-06-20,123.04,124.0,122.82,123.06,71103
2024-06-21,122.82,123.06,122.46,122.7,67245
2024-06-24,122.6,122.94,122.3,122.88,93065
2024-06-25,122.46,122.86,122.32,122.72,78297
2024-06-26,123.22,123.46,122.62,122.76,76608
2024-06-27,122.9,123.02,122.66,122.68,66172
2024-06-28,123.3,123.72,123.04,123.18,66047
2024-07-01,122.6,122.8,122.12,122.52,202510
2024-07-02,122.38,122.72,122.06,122.72,85096
2024-07-03,123.12,123.34,122.9,123.12,66366
2024-07-04,123.56,123.76,123.36,123.46,71459
2024-07-05,123.56,123.64,123.14,123.42,59519
2024-07-08,123.56,123.9,123.5,123.68,82477
2024-07-09,123.88,124.14,123.78,123.86,73615
2024-07-10,123.88,124.42,123.86,124.42,63556
2024-07-11,124.96,125.0,124.22,124.24,90735
2024-07-12,124.34,124.88,124.0,124.84,65048
2024-07-15,124.76,124.94,124.42,124.76,128454
2024-07-16,124.5,125.14,124.2,124.88,90403
2024-07-17,124.56,124.62,123.46,123.58,135084
2024-07-18,123.88,124.08,122.94,122.96,103178
2024-07-19,122.72,122.86,122.08,122.1,101092
2024-07-22,122.38,123.18,122.28,122.62,91241
2024-07-23,122.9,123.74,122.78,123.72,74233
2024-07-24,122.52,122.84,121.54,121.7,116163
2024-07-25,121.06,121.24,120.1,121.08,150354
2024-07-26,120.86,121.54,120.74,121.34,98247
2024-07-29,122.1,122.62,121.54,121.54,92201
2024-07-30,121.98,122.5,121.5,121.6,62731
2024-07-31,122.82,123.56,122.7,123.5,71655
2024-08-01,123.64,124.0,122.24,122.24,190012
2024-08-02,120.44,120.52,117.08,117.52,187366
2024-08-05,114.16,114.98,111.8,114.8,339465
2024-08-06,115.62,116.22,114.58,115.66,259387
2024-08-07,116.5,117.9,116.28,117.5,238584
2024-08-08,115.72,117.72,115.08,117.66,105951
2024-08-09,117.82,118.62,117.46,118.04,135922
2024-08-12,118.5,118.84,118.0,118.3,70019
2024-08-13,118.86,119.38,118.38,119.32,73667
2024-08-14,119.54,119.58,118.68,119.54,106641
2024-08-15,119.98,121.68,119.8,121.62,107604
2024-08-16,122.08,122.16,121.28,121.74,69207
2024-08-19,121.62,122.16,121.52,122.1,66471
2024-08-20,122.42,122.6,121.62,121.7,89959
2024-08-21,121.82,122.38,121.7,121.92,37929
2024-08-22,122.0,122.62,121.96,122.0,69030
2024-08-23,121.86,122.56,121.58,122.1,44259
2024-08-26,122.14,122.66,121.84,121.92,59928
2024-08-27,122.1,122.32,121.7,122.0,56535
2024-08-28,122.46,122.8,121.96,122.04,46228
2024-08-29,122.18,123.56,122.12,123.42,96601
2024-08-30,123.12,123.5,122.96,123.02,45512
2024-09-02,123.48,123.74,123.2,123.66,150888
2024-09-03,123.78,123.82,122.02,122.48,97165
2024-09-04,120.78,121.54,120.7,121.16,102175
2024-09-05,120.82,121.38,120.12,120.42,77847
2024-09-06,119.96,120.92,118.6,118.84,74302
2024-09-09,119.58,120.46,119.54,120.18,115632
2024-09-10,120.04,120.68,119.94,120.3,87946
2024-09-11,120.28,120.86,119.2,119.8,55798
2024-09-12,122.12,122.4,121.28,121.86,43925
2024-09-13,122.26,122.74,122.0,122.7,39989
2024-09-16,122.3,122.54,121.84,122.14,104541
2024-09-17,122.62,123.12,122.56,122.92,63498
2024-09-18,122.66,122.7,122.18,122.32,48506
2024-09-19,123.42,124.26,123.22,124.06,86152
2024-09-20,123.64,123.86,123.1,123.28,61744
2024-09-23,123.6,124.3,123.56,124.18,77237
2024-09-24,124.72,124.76,123.98,124.46,52645
2024-09-25,123.84,124.56,123.8,124.48,47647
2024-09-26,125.5,126.18,125.1,125.2,79201
2024-09-27,125.66,125.82,125.32,125.56,82424
2024-09-30,125.34,125.58,124.58,125.2,97501
2024-10-01,125.82,126.4,124.92,125.48,230541
2024-10-02,125.82,126.22,125.26,126.2,105028
2024-10-03,125.94,126.0,125.3,125.84,71726
2024-10-04,125.84,127.36,125.72,126.6,103698
2024-10-07,127.26,127.3,126.7,127.04,136577
2024-10-08,125.72,126.8,125.6,126.74,89186
2024-10-09,126.54,127.52,126.38,127.52,66355
2024-10-10,127.78,127.8,127.1,127.74,97817
2024-10-11,127.46,128.34,127.18,128.2,66725
2024-10-14,128.42,129.34,128.3,129.08,102174
2024-10-15,129.38,129.44,128.42,128.62,123581
2024-10-16,128.48,128.82,128.24,128.72,47047
2024-10-17,129.28,130.26,129.14,129.74,59057
2024-10-18,129.62,129.94,129.4,129.66,86557
2024-10-21,129.64,129.74,129.0,129.08,83088
2024-10-22,129.3,129.4,128.68,129.24,81806
2024-10-23,129.6,129.8,128.78,128.86,71533
2024-10-24,129.0,129.34,128.56,128.58,60404
2024-10-25,128.56,129.26,128.4,129.02,66627
2024-10-28,129.16,129.24,128.62,128.98,60493
2024-10-29,129.12,129.32,128.84,129.06,65856
2024-10-30,128.94,128.98,128.04,128.26,97546
2024-10-31,127.1,127.22,125.92,126.22,112233
2024-11-01,126.22,127.42,126.2,127.24,227269
2024-11-04,126.5,126.66,126.0,126.3,96574
2024-11-05,126.5,127.08,126.22,126.98,82497
2024-11-06,130.52,131.56,129.96,130.42,129187
2024-11-07,131.08,131.5,130.96,131.38,105189
2024-11-08,131.78,131.98,130.94,131.98,102063
2024-11-11,132.88,133.56,132.8,133.26,125247
2024-11-12,132.88,133.12,132.5,132.64,99463
2024-11-13,132.34,133.04,131.9,133.04,86622
2024-11-14,133.0,133.78,132.66,132.94,95152
2024-11-15,131.96,132.14,131.36,131.36,158037
2024-11-18,131.5,131.86,131.02,131.86,96627
2024-11-19,131.92,131.98,130.28,131.76,86712
2024-11-20,132.26,132.5,131.46,131.8,67127
2024-11-21,132.16,133.42,131.8,133.28,85578
2024-11-22,133.6,135.18,133.56,134.82,91429
2024-11-25,135.02,135.06,134.24,134.46,119424
2024-11-26,134.14,134.68,133.74,134.56,100141
2024-11-27,134.52,134.56,133.32,133.48,125124
2024-11-28,134.08,134.2,133.8,134.02,59317
2024-11-29,133.8,134.6,133.74,134.56,79021
2024-12-02,135.02,135.88,134.88,135.76,179780
2024-12-03,135.9,135.94,135.36,135.64,109115
2024-12-04,135.98,136.78,135.8,136.06,97961
2024-12-05,136.14,136.4,135.72,135.96,113325
2024-12-06,135.62,136.38,135.4,136.04,80160
2024-12-09,136.46,136.52,135.6,135.94,142807
2024-12-10,135.64,136.2,135.58,136.0,108216
2024-12-11,135.78,136.76,135.66,136.7,80971
2024-12-12,136.54,136.76,136.1,136.42,116057
2024-12-13,136.48,136.62,135.46,135.78,89903
2024-12-16,135.64,136.24,135.48,135.96,125576
2024-12-17,135.52,135.84,135.08,135.5,127278
2024-12-18,135.68,136.04,135.36,135.78,84664
2024-12-19,133.4,134.16,133.2,133.84,160128
2024-12-20,132.66,134.06,131.26,134.06,189822
2024-12-23,134.06,134.2,133.36,133.76,191269
2024-12-27,135.1,135.3,133.86,134.36,144258
2024-12-30,134.04,134.32,133.1,133.22,93464
2025-01-02,134.28,135.48,133.98,135.48,437836
2025-01-03,134.78,135.24,134.4,135.24,157593
2025-01-06,135.32,136.04,135.0,135.88,216484
2025-01-07,134.9,135.7,134.68,134.92,177334
2025-01-08,134.96,135.44,134.42,135.0,102919
2025-01-09,134.66,135.08,134.6,135.06,53803
2025-01-10,134.74,135.02,133.42,133.72,116613
2025-01-13,133.48,133.9,132.82,133.54,181311
2025-01-14,134.28,134.5,133.1,133.32,117833
2025-01-15,133.44,135.56,133.36,135.38,114581
2025-01-16,136.28,136.32,135.6,135.8,76808
2025-01-17,136.06,137.2,135.96,137.02,82797
2025-01-20,136.9,137.0,136.14,136.42,120646
2025-01-21,136.36,137.04,136.22,136.48,94523
2025-01-22,137.02,137.48,136.82,137.48,82908
2025-01-23,137.36,137.78,137.08,137.62,85399
2025-01-24,137.52,137.6,136.86,137.14,123444
2025-01-27,135.46,135.52,133.5,134.88,238848
2025-01-28,136.22,136.96,135.84,136.5,119717
2025-01-29,137.62,137.86,137.02,137.14,117084
2025-01-30,137.56,138.02,137.16,137.64,87950
2025-01-31,138.6,139.2,138.58,138.86,125932
2025-02-03,137.16,137.86,136.7,137.78,294822
2025-02-04,137.5,137.92,136.84,137.84,112856
2025-02-05,137.02,137.4,136.68,137.38,116945
2025-02-06,138.48,139.04,138.46,138.86,87075
2025-02-07,138.84,139.44,138.4,138.66,125886
2025-02-10,139.08,139.72,138.96,139.56,90452
2025-02-11,139.2,139.36,138.86,139.16,125477
2025-02-12,138.94,139.48,137.98,138.3,134347
2025-02-13,138.34,139.04,138.04,138.92,109798
2025-02-14,139.18,139.24,138.54,138.7,83281
2025-02-17,139.18,139.52,139.14,139.44,129539
2025-02-18,139.78,140.14,139.42,139.58,108200
2025-02-19,140.0,140.18,139.36,140.0,85941
2025-02-20,139.7,139.96,138.64,138.72,119656
2025-02-21,139.04,139.6,138.74,138.98,79259
2025-02-24,137.76,138.2,136.62,137.38,179554
2025-02-25,136.88,137.1,135.22,135.42,197367
2025-02-26,136.84,137.5,136.58,137.22,124327
2025-02-27,137.04,137.68,136.34,137.4,90165
2025-02-28,135.44,136.1,134.82,135.82,174276
2025-03-03,137.24,137.34,135.86,136.1,243932
2025-03-04,134.44,134.5,131.54,131.9,226375
2025-03-05,132.2,132.44,130.24,130.3,178456
2025-03-06,131.32,131.44,129.7,130.52,142177
2025-03-07,129.72,130.0,128.3,128.4,186920
2025-03-10,129.38,129.4,127.04,127.38,183002
2025-03-11,126.6,126.84,124.64,125.06,239769
2025-03-12,125.7,127.2,124.94,126.4,276495
2025-03-13,125.88,126.68,125.4,125.6,173686
2025-03-14,126.04,127.38,125.78,127.08,137367
2025-03-17,127.02,128.14,126.82,127.7,273213
2025-03-18,127.82,128.28,126.78,127.2,177815
2025-03-19,127.36,128.66,127.34,128.46,96727
2025-03-20,129.06,129.62,127.96,128.74,137356
2025-03-21,128.52,128.66,127.54,128.38,93174
2025-03-24,129.6,130.62,129.4,130.46,180448
2025-03-25,130.46,130.86,130.28,130.6,158692
2025-03-26,130.98,131.08,129.9,130.02,114340
2025-03-27,129.78,130.06,128.88,129.64,102621
2025-03-28,128.76,129.34,126.78,126.9,107926
2025-03-31,125.58,126.08,124.76,126.08,142441
2025-04-01,127.14,127.72,126.06,127.52,209556
2025-04-02,127.42,127.5,126.1,127.3,59331
2025-04-03,123.06,123.66,120.32,121.3,285923
2025-04-04,119.94,120.22,114.64,115.8,459008
2025-04-07,108.6,120.08,107.9,112.52,758826
2025-04-08,114.3,117.7,114.24,115.94,367926
2025-04-09,114.3,114.3,108.56,110.5,332917
2025-04-10,120.26,120.48,114.78,114.78,397189
2025-04-11,115.2,115.3,112.3,113.92,254886
2025-04-14,116.48,118.26,116.38,117.1,203766
2025-04-15,117.62,118.78,117.1,118.3,199093
2025-04-16,116.06,117.44,115.52,116.9,100792
2025-04-17,116.3,116.74,115.24,115.82,186357
2025-04-22,113.96,115.26,113.6,115.08,227819
2025-04-23,117.78,119.88,117.66,118.42,184017
2025-04-24,117.82,119.6,117.12,119.42,116227
2025-04-25,120.6,120.66,119.42,119.8,126639
2025-04-28,120.76,121.2,120.02,120.14,118915
2025-04-29,120.76,121.16,120.1,120.7,120464
2025-04-30,121.34,121.64,119.34,121.14,144034
2025-05-02,123.46,124.4,123.06,124.14,270118
2025-05-05,124.0,124.56,123.62,124.44,149352
2025-05-06,123.94,123.98,122.84,123.78,106705
2025-05-07,123.4,123.66,122.8,123.14,153445
2025-05-08,124.74,125.18,123.88,125.0,95623
2025-05-09,125.14,125.62,124.42,124.94,138128
2025-05-12,128.66,129.96,128.42,129.04,293767
2025-05-13,129.04,130.04,128.92,129.72,111093
2025-05-14,129.56,129.78,128.7,129.46,117850
2025-05-15,128.92,129.92,128.7,129.92,148123
2025-05-16,129.92,130.7,129.86,130.7,86687
2025-05-19,129.48,130.12,128.52,130.08,120179
2025-05-20,130.02,130.66,129.8,130.24,140397
2025-05-21,129.16,129.46,128.36,129.32,96325
2025-05-22,128.42,128.52,127.42,128.42,143015
2025-05-23,128.22,128.36,126.0,127.14,220057
2025-05-26,127.94,128.4,127.84,128.18,80725
2025-05-27,128.32,129.1,128.04,129.08,73640
2025-05-28,129.38,129.72,128.86,129.18,61711
2025-05-29,130.7,131.1,128.48,128.6,99409
2025-05-30,128.78,129.18,128.1,128.48,87108
2025-06-02,127.84,128.28,127.1,127.96,213244
2025-06-03,128.36,129.44,127.9,129.44,100299
2025-06-04,129.72,130.0,129.2,129.58,68112
2025-06-05,129.62,130.16,128.58,129.68,128843
2025-06-06,129.42,130.66,129.3,130.18,74096
2025-06-09,130.18,130.58,130.02,130.28,142533
2025-06-10,130.46,130.62,130.12,130.3,79171
2025-06-11,130.74,131.0,130.28,130.36,102698
2025-06-12,129.46,129.52,128.0,129.18,100241
2025-06-13,128.02,129.1,127.86,128.58,102505
2025-06-16,128.6,129.3,128.42,129.2,209877
2025-06-17,128.6,129.1,128.18,128.86,90850
2025-06-18,128.78,129.2,128.52,128.76,98527
2025-06-19,128.44,128.48,127.52,127.62,93197
2025-06-20,128.04,128.88,127.7,128.04,85249
2025-06-23,127.6,128.5,127.56,127.76,71936
2025-06-24,129.34,129.4,128.8,129.16,50356
2025-06-25,129.6,129.74,129.06,129.08,82258
2025-06-26,128.98,129.34,128.64,129.16,69409
2025-06-27,129.68,130.1,129.36,130.1,82354
2025-06-30,130.16,130.26,129.64,129.78,133291
2025-07-01,129.88,129.88,129.06,129.58,254464
2025-07-02,130.1,130.2,129.46,129.92,73761
2025-07-03,130.2,131.26,130.0,131.22,74818
2025-07-04,130.52,130.54,130.04,130.28,54122
2025-07-07,130.48,131.12,130.4,130.7,166255
2025-07-08,130.5,131.06,130.4,130.74,132730
2025-07-09,130.62,131.56,130.5,131.1,130731
2025-07-10,131.1,132.0,131.02,132.0,106230
2025-07-11,131.76,131.76,130.92,131.28,99869
2025-07-14,131.0,131.48,130.8,131.44,76771
2025-07-15,132.1,132.4,131.92,132.24,148612
2025-07-16,131.48,132.44,130.4,130.4,155126
2025-07-17,132.6,133.06,132.36,133.04,133168
2025-07-18,133.14,133.14,132.48,132.58,116976
2025-07-21,132.9,133.04,132.54,132.74,105965
2025-07-22,132.32,132.54,131.76,131.88,107012
2025-07-23,132.76,133.24,132.64,133.06,129266
2025-07-24,133.4,133.6,132.96,133.26,72137
2025-07-25,133.16,133.5,132.98,133.4,79198
2025-07-28,134.32,134.62,134.18,134.54,188900
2025-07-29,135.34,135.78,135.04,135.08,147805
2025-07-30,135.06,135.96,134.9,135.7,102894
2025-07-31,136.56,137.0,135.54,135.9,114760
2025-08-01,134.7,134.72,131.32,132.04,335328
2025-08-04,132.54,133.6,132.52,133.44,129332
2025-08-05,134.38,134.54,133.22,133.22,110453
2025-08-06,133.96,134.08,132.92,133.46,132366
2025-08-07,133.72,134.7,133.66,133.9,118149
2025-08-08,134.08,134.56,133.98,134.2,89140
2025-08-11,134.82,135.16,134.5,135.04,123018
2025-08-12,134.98,135.34,134.52,135.02,118612
2025-08-13,135.44,135.9,135.3,135.3,81941
2025-08-14,135.68,136.1,135.34,135.92,143871
2025-08-15,136.42,136.42,135.4,135.48,132160
2025-08-18,135.68,135.96,135.44,135.8,197849
2025-08-19,135.8,136.18,135.54,135.82,88154
2025-08-20,135.52,135.66,134.42,135.08,173081
2025-08-21,135.58,135.64,134.8,135.54,77880
2025-08-22,135.5,136.56,135.44,136.4,100381
2025-08-25,136.06,136.34,135.94,136.24,162894
2025-08-26,136.16,136.22,135.78,135.98,240042
2025-08-27,136.74,137.02,136.58,136.82,77696
2025-08-28,136.82,137.04,136.22,136.54,171184
2025-08-29,136.64,136.66,135.36,135.48,131265
2025-09-01,135.58,135.88,135.48,135.88,218573
2025-09-02,135.7,135.8,134.4,134.4,161212
2025-09-03,135.56,135.86,135.28,135.3,136642
2025-09-04,135.86,136.4,135.78,136.28,83943
2025-09-05,136.96,136.96,135.06,135.56,137958
2025-09-08,136.36,136.5,136.0,136.44,123630
2025-09-09,136.36,136.7,136.28,136.58,138873
2025-09-10,137.64,137.88,137.3,137.38,97248
2025-09-11,137.84,138.3,137.48,138.3,88434
2025-09-12,138.2,138.6,138.0,138.34,73026
2025-09-15,138.52,138.76,138.22,138.58,182040
2025-09-16,138.52,138.66,137.44,137.54,94838
2025-09-17,137.68,137.9,137.44,137.64,102476
2025-09-18,138.4,139.2,138.16,138.96,83633
2025-09-19,138.76,139.38,138.56,139.04,108562
2025-09-22,139.32,139.36,138.7,139.28,193813
2025-09-23,139.42,139.78,139.26,139.52,139739
2025-09-24,139.16,139.66,138.94,139.34,100937
2025-09-25,138.96,139.22,138.26,139.14,124656
2025-09-26,139.02,139.6,138.78,139.06,149216
2025-09-29,139.72,140.02,139.44,139.6,97070
2025-09-30,139.44,139.74,139.14,139.46,115270
2025-10-01,138.92,140.5,138.8,140.5,226311
2025-10-02,141.02,141.32,140.82,141.06,91676
2025-10-03,141.6,141.74,141.2,141.66,112730
2025-10-06,142.1,142.62,141.86,142.18,150586
2025-10-07,142.18,142.78,141.9,141.9,209214
2025-10-08,142.44,143.18,142.36,143.16,136286
2025-10-09,143.22,143.4,142.9,143.16,138500
2025-10-10,143.02,143.44,140.08,140.12,143055
2025-10-13,140.68,141.5,140.54,141.44,403043
2025-10-14,140.3,140.84,139.58,140.84,199343
2025-10-15,141.5,142.44,141.34,141.68,155376
2025-10-16,141.78,142.18,141.48,141.74,110923
2025-10-17,138.86,141.16,138.24,140.1,203396
2025-10-20,141.86,142.8,141.54,142.66,127731
2025-10-21,142.8,143.26,142.7,143.12,142502
2025-10-22,143.1,143.42,142.3,142.38,123138
2025-10-23,142.9,143.1,142.36,143.0,107672
2025-10-27,145.08,145.1,144.76,145.04,209776
2025-10-28,144.82,145.54,144.68,145.22,95847
2025-10-29,145.9,146.02,145.4,145.6,110483
2025-10-30,145.64,145.88,145.06,145.66,155537
2025-10-31,145.84,146.1,145.28,145.54,118618
2025-11-03,145.78,146.58,145.5,145.78,321833
2025-11-04,144.52,145.64,144.06,145.26,151333
2025-11-05,144.26,145.48,144.14,145.46,142365
2025-11-06,144.8,145.24,143.36,143.36,193216
2025-11-07,143.88,143.92,141.48,141.54,157159
2025-11-10,144.26,145.0,144.12,144.54,150922
2025-11-11,145.16,145.3,144.72,145.02,131621
2025-11-12,146.0,146.4,145.42,145.74,113278
2025-11-13,145.82,145.94,143.76,143.82,171618
2025-11-14,142.86,143.82,141.46,143.68,221895
2025-11-17,143.98,144.04,142.5,143.02,233679
2025-11-18,141.14,141.64,140.06,141.18,202108
2025-11-19,140.92,142.44,140.76,141.38,196212
2025-11-20,143.4,144.06,142.22,142.22,208006
2025-11-21,139.92,140.8,139.2,140.8,224298
2025-11-24,141.62,142.66,140.9,142.46,170608
2025-11-25,142.64,142.8,141.5,142.8,86050
2025-11-26,143.88,144.44,143.52,144.42,114053
2025-11-27,144.3,144.5,144.2,144.26,172981
2025-11-28,144.5,144.98,144.5,144.84,120118
2025-12-01,143.92,144.34,143.36,144.3,394589
2025-12-02,144.0,144.84,143.94,144.26,238118
2025-12-03,144.3,144.4,143.42,144.18,165000
2025-12-04,144.48,144.76,144.18,144.54,108782
2025-12-05,144.98,145.58,144.74,145.16,110010
2025-12-08,145.12,145.28,144.7,144.9,144656
2025-12-09,144.96,145.12,144.5,144.98,105686
2025-12-10,144.58,144.84,144.36,144.72,112733
2025-12-11,143.74,144.44,143.56,144.08,160091
2025-12-12,144.94,145.1,143.0,143.18,229677
2025-12-15,143.96,144.32,143.06,143.46,209925
2025-12-16,142.6,143.2,142.02,142.44,125771
2025-12-17,143.28,143.64,141.8,141.8,114377
2025-12-18,142.0,143.62,141.98,143.52,204321
2025-12-19,143.38,144.22,143.06,144.18,132714
2025-12-22,144.36,144.42,143.96,144.4,126707
2025-12-23,144.4,144.8,144.12,144.7,147227
2025-12-29,145.16,145.3,144.7,144.98,203223
2025-12-30,145.06,145.42,145.0,145.42,124449
2026-01-02,145.64,146.14,144.86,145.14,502599
2026-01-05,146.44,147.2,146.38,147.08,378940
2026-01-06,147.1,148.0,146.78,147.7,369069
2026-01-07,148.04,148.14,147.68,148.0,305971
2026-01-08,147.42,147.8,147.22,147.72,253583
2026-01-09,147.94,149.04,147.86,148.9,252002
2026-01-12,148.14,149.08,147.76,149.0,309840
2026-01-13,149.1,149.54,148.74,149.26,233560
2026-01-14,149.16,149.3,148.1,148.4,200858
2026-01-16,150.12,150.12,149.34,149.9,209251
