Price,Close,High,Low,Open,Volume
Ticker,VWCE.DE,VWCE.DE,VWCE.DE,VWCE.DE,VWCE.DE
Date,,,,,
2023-01-02,92.2699966430664,92.41999816894531,91.33999633789062,91.5999984741211,123252
2023-01-03,91.6500015258789,92.94000244140625,91.55000305175781,91.91000366210938,91969
2023-01-04,92.52999877929688,92.52999877929688,91.72000122070312,91.97000122070312,57430
2023-01-05,92.16000366210938,92.55000305175781,91.80000305175781,92.01000213623047,76899
2023-01-06,92.95999908447266,93.08000183105469,92.0999984741211,92.27999877929688,40103
2023-01-09,93.58000183105469,93.70999908447266,92.97000122070312,93.04000091552734,84024
2023-01-10,92.61000061035156,92.91000366210938,92.31999969482422,92.56999969482422,62959
2023-01-11,93.38999938964844,93.47000122070312,92.97000122070312,93.08000183105469,64975
2023-01-12,93.66000366210938,94.4800033569336,93.29000091552734,93.9000015258789,45763
2023-01-13,94.0,94.06999969482422,93.38999938964844,93.79000091552734,46278
2023-01-16,94.33999633789062,94.47000122070312,94.0,94.29000091552734,101513
2023-01-17,94.62999725341797,94.87000274658203,93.95999908447266,94.12999725341797,42263
2023-01-18,94.06999969482422,94.88999938964844,94.06999969482422,94.52999877929688,49640
2023-01-19,92.93000030517578,93.54000091552734,92.7699966430664,93.5199966430664,44919
2023-01-20,93.61000061035156,93.69999694824219,92.86000061035156,93.23999786376953,34573
2023-01-23,94.93000030517578,95.12999725341797,93.61000061035156,93.77999877929688,57168
2023-01-24,94.70999908447266,94.9000015258789,94.4000015258789,94.88999938964844,42604
2023-01-25,94.02999877929688,94.66000366210938,93.4000015258789,94.66000366210938,41755
2023-01-26,95.16999816894531,95.3499984741211,94.80000305175781,94.88999938964844,31140
2023-01-27,95.8499984741211,95.9800033569336,95.25,95.41000366210938,32410
2023-01-30,95.31999969482422,95.38999938964844,94.63999938964844,95.1500015258789,67403
2023-01-31,95.13999938964844,95.19000244140625,94.33000183105469,94.95999908447266,71779
2023-02-01,95.08999633789062,95.98999786376953,94.83999633789062,95.48999786376953,136842
2023-02-02,97.12999725341797,97.12999725341797,95.62000274658203,95.66000366210938,69884
2023-02-03,97.5,97.5,96.31999969482422,96.52999877929688,63208
2023-02-06,96.94000244140625,96.94000244140625,96.19999694824219,96.62999725341797,99690
2023-02-07,97.1500015258789,97.16999816894531,96.81999969482422,97.0,69412
2023-02-08,97.0199966430664,97.7300033569336,96.95999908447266,97.68000030517578,75233
2023-02-09,97.22000122070312,97.80000305175781,97.16999816894531,97.66000366210938,57537
2023-02-10,96.7699966430664,96.86000061035156,96.12000274658203,96.37000274658203,64343
2023-02-13,97.33999633789062,97.43000030517578,96.75,96.79000091552734,45809
2023-02-14,96.95999908447266,97.70999908447266,96.8499984741211,97.44000244140625,67684
2023-02-15,97.5999984741211,97.62000274658203,96.83000183105469,96.88999938964844,94157
2023-02-16,97.55000305175781,98.08000183105469,96.97000122070312,98.0,40069
2023-02-17,96.41999816894531,97.02999877929688,96.4000015258789,96.77999877929688,46182
2023-02-20,96.6500015258789,96.83999633789062,96.54000091552734,96.7300033569336,32428
2023-02-21,95.68000030517578,96.52999877929688,95.5999984741211,96.44000244140625,45794
2023-02-22,95.5999984741211,95.72000122070312,95.12000274658203,95.47000122070312,54767
2023-02-23,95.62000274658203,96.3499984741211,95.58000183105469,95.95999908447266,37329
2023-02-24,94.93000030517578,96.05000305175781,94.7300033569336,95.9800033569336,57582
2023-02-27,95.5199966430664,96.0,95.44000244140625,95.66000366210938,51279
2023-02-28,95.12000274658203,95.45999908447266,94.83000183105469,95.0199966430664,51851
2023-03-01,94.38999938964844,95.5,94.19000244140625,95.25,163764
2023-03-02,94.83999633789062,95.0,94.06999969482422,94.11000061035156,73129
2023-03-03,96.33000183105469,96.3499984741211,95.44000244140625,95.55999755859375,30509
2023-03-06,96.62000274658203,96.7300033569336,96.30000305175781,96.62000274658203,67728
2023-03-07,96.06999969482422,96.66000366210938,95.94999694824219,96.33000183105469,69441
2023-03-08,95.93000030517578,96.19999694824219,95.81999969482422,95.88999938964844,48408
2023-03-09,95.77999877929688,96.22000122070312,95.5999984741211,95.9000015258789,33269
2023-03-10,93.86000061035156,94.91999816894531,92.77999877929688,93.77999877929688,167466
2023-03-13,91.83000183105469,93.13999938964844,90.91999816894531,93.05999755859375,246433
2023-03-14,92.98999786376953,93.11000061035156,91.66999816894531,91.93000030517578,74432
2023-03-15,92.1500015258789,92.9800033569336,91.43000030517578,92.54000091552734,207555
2023-03-16,93.38999938964844,93.58000183105469,92.05000305175781,92.93000030517578,75792
2023-03-17,92.6500015258789,94.08999633789062,92.4000015258789,93.86000061035156,95496
2023-03-20,92.6500015258789,93.13999938964844,91.5999984741211,92.1500015258789,79347
2023-03-21,93.33000183105469,93.5999984741211,93.12000274658203,93.19000244140625,46029
2023-03-22,93.5199966430664,93.91999816894531,93.44000244140625,93.58000183105469,52929
2023-03-23,92.98999786376953,93.29000091552734,92.25,92.48999786376953,64627
2023-03-24,92.75,93.0199966430664,92.26000213623047,92.81999969482422,73178
2023-03-27,93.36000061035156,93.77999877929688,93.19999694824219,93.7699966430664,71841
2023-03-28,93.04000091552734,93.75,92.8499984741211,93.58000183105469,47939
2023-03-29,93.91999816894531,93.9800033569336,93.58000183105469,93.73999786376953,61678
2023-03-30,94.36000061035156,94.56999969482422,94.08999633789062,94.44000244140625,84262
2023-03-31,95.33999633789062,95.37999725341797,94.44000244140625,94.5,39736
2023-04-03,95.51000213623047,95.93000030517578,95.36000061035156,95.87999725341797,115528
2023-04-04,95.01000213623047,96.05000305175781,94.83000183105469,95.79000091552734,50867
2023-04-05,94.77999877929688,95.06999969482422,94.58000183105469,95.0199966430664,53630
2023-04-06,94.87999725341797,95.12999725341797,94.68000030517578,94.93000030517578,150325
2023-04-11,95.48999786376953,95.76000213623047,95.36000061035156,95.73999786376953,38737
2023-04-12,95.05999755859375,95.9000015258789,94.80999755859375,95.41999816894531,85331
2023-04-13,94.97000122070312,95.23999786376953,94.52999877929688,95.05000305175781,65414
2023-04-14,95.48999786376953,95.91000366210938,95.16999816894531,95.25,76686
2023-04-17,96.04000091552734,96.26000213623047,95.81999969482422,95.95999908447266,103008
2023-04-18,96.19000244140625,96.66999816894531,96.04000091552734,96.36000061035156,80642
2023-04-19,95.94000244140625,96.05000305175781,95.68000030517578,95.97000122070312,47389
2023-04-20,95.69999694824219,95.93000030517578,95.41999816894531,95.87000274658203,32250
2023-04-21,95.44999694824219,95.73999786376953,95.27999877929688,95.66000366210938,54874
2023-04-24,95.06999969482422,95.4000015258789,95.01000213623047,95.25,56934
2023-04-25,94.8499984741211,94.98999786376953,94.5999984741211,94.7699966430664,39165
2023-04-26,93.97000122070312,94.68000030517578,93.45999908447266,94.5999984741211,73401
2023-04-27,94.55999755859375,94.98999786376953,93.81999969482422,93.9800033569336,49983
2023-04-28,95.33000183105469,95.58000183105469,94.76000213623047,95.05999755859375,48228
2023-05-02,94.43000030517578,95.98999786376953,94.36000061035156,95.87999725341797,157953
2023-05-03,94.51000213623047,94.98999786376953,94.4000015258789,94.77999877929688,50535
2023-05-04,94.02999877929688,94.38999938964844,93.5999984741211,94.11000061035156,88440
2023-05-05,95.25,95.38999938964844,94.19000244140625,94.27999877929688,121564
2023-05-08,95.52999877929688,95.66000366210938,95.2699966430664,95.30999755859375,141767
2023-05-09,95.83999633789062,95.83999633789062,95.47000122070312,95.69999694824219,35239
2023-05-10,95.69999694824219,96.05999755859375,95.37000274658203,95.69999694824219,69795
2023-05-11,95.93000030517578,96.44999694824219,95.5999984741211,96.29000091552734,43568
2023-05-12,96.20999908447266,96.55000305175781,96.04000091552734,96.19999694824219,47515
2023-05-15,96.5999984741211,96.80000305175781,96.1500015258789,96.69000244140625,74733
2023-05-16,96.41999816894531,96.5999984741211,96.2300033569336,96.44999694824219,58162
2023-05-17,96.68000030517578,96.79000091552734,96.18000030517578,96.25,61369
2023-05-18,97.88999938964844,98.02999877929688,97.2300033569336,97.2300033569336,40335
2023-05-19,97.8499984741211,98.4800033569336,97.8499984741211,98.19999694824219,41831
2023-05-22,98.30000305175781,98.33999633789062,97.77999877929688,98.01000213623047,44983
2023-05-23,98.0199966430664,98.18000030517578,97.79000091552734,97.95999908447266,51244
2023-05-24,96.58999633789062,97.12000274658203,96.27999877929688,97.06999969482422,42598
2023-05-25,96.91999816894531,97.47000122070312,96.83999633789062,97.05000305175781,84506
2023-05-26,98.37000274658203,98.55999755859375,97.01000213623047,97.30999755859375,79483
2023-05-29,98.58000183105469,98.66000366210938,98.43000030517578,98.62000274658203,26858
2023-05-30,98.04000091552734,98.93000030517578,97.94999694824219,98.68000030517578,61155
2023-05-31,97.5,98.2699966430664,97.36000061035156,97.83000183105469,37869
2023-06-01,98.08000183105469,98.19000244140625,97.37999725341797,98.0,124511
2023-06-02,99.8499984741211,99.95999908447266,98.55000305175781,98.62000274658203,63431
2023-06-05,100.08000183105469,100.45999908447266,99.83999633789062,100.08000183105469,65451
2023-06-06,100.4000015258789,100.5,99.79000091552734,99.87000274658203,36311
2023-06-07,100.18000030517578,100.4800033569336,100.0,100.31999969482422,63113
2023-06-08,99.68000030517578,99.94000244140625,99.27999877929688,99.77999877929688,36191
2023-06-09,100.23999786376953,100.5199966430664,99.66000366210938,99.9000015258789,33058
2023-06-12,100.44000244140625,100.58000183105469,100.13999938964844,100.54000091552734,77500
2023-06-13,101.37999725341797,101.37999725341797,100.72000122070312,101.0,72442
2023-06-14,101.36000061035156,101.58000183105469,101.08000183105469,101.33999633789062,103550
2023-06-15,101.0199966430664,101.27999877929688,100.36000061035156,101.22000122070312,89981
2023-06-16,101.4000015258789,101.69999694824219,101.12000274658203,101.22000122070312,76730
2023-06-19,100.81999969482422,101.19999694824219,100.76000213623047,100.9800033569336,64822
2023-06-20,100.26000213623047,100.80000305175781,100.12000274658203,100.5999984741211,72108
2023-06-21,99.70999908447266,100.4000015258789,99.48999786376953,100.18000030517578,41366
2023-06-22,99.44999694824219,99.44999694824219,98.70999908447266,99.06999969482422,46326
2023-06-23,99.25,99.8499984741211,99.02999877929688,99.29000091552734,45511
2023-06-26,99.05999755859375,99.37000274658203,98.83000183105469,99.20999908447266,81877
2023-06-27,99.0199966430664,99.12999725341797,98.55999755859375,99.12000274658203,40351
2023-06-28,99.81999969482422,99.88999938964844,99.23999786376953,99.5,43026
2023-06-29,100.16000366210938,100.22000122070312,99.62999725341797,99.83000183105469,40575
2023-06-30,100.9800033569336,101.05999755859375,100.44000244140625,100.5199966430664,51438
2023-07-03,101.30000305175781,101.66000366210938,101.12000274658203,101.4800033569336,104582
2023-07-04,101.45999908447266,101.55999755859375,101.33999633789062,101.54000091552734,36797
2023-07-05,101.31999969482422,101.36000061035156,100.80000305175781,101.18000030517578,44532
2023-07-06,99.61000061035156,100.83999633789062,99.48999786376953,100.81999969482422,57018
2023-07-07,99.6500015258789,99.94999694824219,99.5199966430664,99.66999816894531,70647
2023-07-10,99.27999877929688,99.48999786376953,98.87000274658203,98.97000122070312,52481
2023-07-11,99.69999694824219,99.80999755859375,99.19999694824219,99.41999816894531,37419
2023-07-12,100.26000213623047,100.5,99.87999725341797,99.97000122070312,25473
2023-07-13,100.31999969482422,100.4800033569336,100.19999694824219,100.26000213623047,44484
2023-07-14,100.23999786376953,100.5,100.05999755859375,100.30000305175781,44526
2023-07-17,100.12000274658203,100.18000030517578,99.69000244140625,99.86000061035156,128974
2023-07-18,100.55999755859375,100.5999984741211,99.81999969482422,99.94999694824219,75794
2023-07-19,101.31999969482422,101.5,100.77999877929688,101.0,38309
2023-07-20,101.33999633789062,101.33999633789062,100.83999633789062,100.9000015258789,37144
2023-07-21,101.54000091552734,101.62000274658203,101.19999694824219,101.26000213623047,32407
2023-07-24,102.05999755859375,102.18000030517578,101.05999755859375,101.0999984741211,55075
2023-07-25,102.68000030517578,102.76000213623047,102.13999938964844,102.26000213623047,35203
2023-07-26,102.26000213623047,102.62000274658203,102.0999984741211,102.62000274658203,32747
2023-07-27,103.68000030517578,103.9800033569336,102.62000274658203,102.76000213623047,70994
2023-07-28,103.5199966430664,103.62000274658203,103.22000122070312,103.26000213623047,50470
2023-07-31,103.58000183105469,103.80000305175781,103.30000305175781,103.45999908447266,55765
2023-08-01,103.45999908447266,103.9800033569336,103.36000061035156,103.91999816894531,103524
2023-08-02,102.27999877929688,102.9800033569336,102.0199966430664,102.4800033569336,94181
2023-08-03,101.83999633789062,102.13999938964844,101.4800033569336,102.13999938964844,83331
2023-08-04,101.69999694824219,102.26000213623047,101.30000305175781,102.05999755859375,74766
2023-08-07,101.4800033569336,101.77999877929688,101.36000061035156,101.63999938964844,70113
2023-08-08,101.13999938964844,101.69999694824219,101.0,101.41999816894531,51486
2023-08-09,101.08000183105469,101.9800033569336,100.9800033569336,101.91999816894531,47559
2023-08-10,101.58000183105469,101.95999908447266,101.0999984741211,101.36000061035156,62084
2023-08-11,100.83999633789062,101.16000366210938,100.62000274658203,101.0999984741211,45748
2023-08-14,101.33999633789062,101.5199966430664,100.9000015258789,100.95999908447266,66514
2023-08-15,100.62000274658203,101.4800033569336,100.23999786376953,101.41999816894531,89669
2023-08-16,100.45999908447266,100.55999755859375,100.16000366210938,100.36000061035156,73886
2023-08-17,99.87000274658203,100.31999969482422,99.77999877929688,100.19999694824219,65457
2023-08-18,99.08999633789062,99.37999725341797,98.66999816894531,99.30999755859375,79175
2023-08-21,99.12000274658203,99.55000305175781,99.0199966430664,99.20999908447266,50520
2023-08-22,100.0,100.4000015258789,99.48999786376953,99.5199966430664,41171
2023-08-23,100.69999694824219,100.77999877929688,100.13999938964844,100.18000030517578,33785
2023-08-24,100.37999725341797,101.72000122070312,100.37999725341797,101.5999984741211,25849
2023-08-25,100.44000244140625,100.62000274658203,99.94000244140625,100.30000305175781,52186
2023-08-28,101.22000122070312,101.44000244140625,100.69999694824219,100.83999633789062,174305
2023-08-29,102.05999755859375,102.05999755859375,101.27999877929688,101.55999755859375,28821
2023-08-30,101.91999816894531,102.27999877929688,101.5199966430664,102.13999938964844,80833
2023-08-31,102.5999984741211,102.87999725341797,102.18000030517578,102.22000122070312,33011
2023-09-01,103.13999938964844,103.30000305175781,102.55999755859375,102.5999984741211,109730
2023-09-04,103.23999786376953,103.63999938964844,103.22000122070312,103.5,71577
2023-09-05,103.58000183105469,103.73999786376953,102.94000244140625,103.05999755859375,37869
2023-09-06,102.73999786376953,103.16000366210938,102.66000366210938,103.12000274658203,45132
2023-09-07,102.54000091552734,102.69999694824219,102.16000366210938,102.4800033569336,38607
2023-09-08,102.72000122070312,102.73999786376953,102.13999938964844,102.66000366210938,45232
2023-09-11,102.76000213623047,103.16000366210938,102.66000366210938,102.86000061035156,41998
2023-09-12,102.87999725341797,103.13999938964844,102.77999877929688,103.12000274658203,60601
2023-09-13,102.83999633789062,102.83999633789062,102.30000305175781,102.55999755859375,59448
2023-09-14,104.13999938964844,104.26000213623047,102.81999969482422,102.95999908447266,34667
2023-09-15,103.62000274658203,104.81999969482422,103.5999984741211,104.73999786376953,70032
2023-09-18,103.19999694824219,103.62000274658203,103.0199966430664,103.5999984741211,35585
2023-09-19,102.69999694824219,103.37999725341797,102.5199966430664,103.16000366210938,53419
2023-09-20,103.0199966430664,103.19999694824219,102.81999969482422,102.94000244140625,50306
2023-09-21,101.37999725341797,102.86000061035156,101.26000213623047,102.27999877929688,93653
2023-09-22,101.4800033569336,101.58000183105469,101.04000091552734,101.12000274658203,70764
2023-09-25,101.4000015258789,101.45999908447266,100.58000183105469,101.0999984741211,79029
2023-09-26,100.54000091552734,101.08000183105469,100.4000015258789,101.0199966430664,84597
2023-09-27,100.80000305175781,101.19999694824219,100.69999694824219,100.73999786376953,46952
2023-09-28,100.94000244140625,101.16000366210938,100.4000015258789,101.0,36611
2023-09-29,101.0999984741211,101.66000366210938,101.05999755859375,101.18000030517578,75050
2023-10-02,101.04000091552734,101.80000305175781,100.66000366210938,101.05999755859375,121719
2023-10-03,99.8499984741211,101.13999938964844,99.80000305175781,100.95999908447266,149513
2023-10-04,99.45999908447266,99.73999786376953,99.05999755859375,99.23999786376953,106953
2023-10-05,99.43000030517578,100.23999786376953,99.30000305175781,99.94000244140625,76044
2023-10-06,100.08000183105469,100.37999725341797,99.33999633789062,99.80000305175781,87829
2023-10-09,100.58000183105469,100.58000183105469,99.9800033569336,100.18000030517578,67911
2023-10-10,101.94000244140625,101.9800033569336,101.16000366210938,101.36000061035156,45211
2023-10-11,101.58000183105469,102.0,101.54000091552734,101.66000366210938,37691
2023-10-12,102.30000305175781,102.58000183105469,102.18000030517578,102.27999877929688,80027
2023-10-13,101.73999786376953,102.4000015258789,101.5999984741211,102.05999755859375,106589
2023-10-16,102.18000030517578,102.26000213623047,101.22000122070312,101.63999938964844,145850
2023-10-17,101.91999816894531,102.12000274658203,101.30000305175781,102.0199966430664,57113
2023-10-18,101.26000213623047,101.68000030517578,101.12000274658203,101.55999755859375,38012
2023-10-19,100.18000030517578,100.63999938964844,99.94000244140625,100.5,118229
2023-10-20,98.44999694824219,99.37000274658203,98.36000061035156,99.1500015258789,136528
2023-10-23,98.12000274658203,98.4800033569336,97.4000015258789,98.37999725341797,120925
2023-10-24,98.72000122070312,98.9800033569336,97.69999694824219,97.80000305175781,112119
2023-10-25,98.22000122070312,98.76000213623047,97.94999694824219,98.43000030517578,77691
2023-10-26,97.55999755859375,97.87000274658203,97.16999816894531,97.30000305175781,74303
2023-10-27,96.83000183105469,97.69000244140625,96.76000213623047,97.43000030517578,75583
2023-10-30,96.83000183105469,97.41999816894531,96.5199966430664,97.30999755859375,132199
2023-10-31,97.58000183105469,97.68000030517578,96.81999969482422,96.9000015258789,66756
2023-11-01,98.73999786376953,98.91000366210938,97.81999969482422,97.95999908447266,142499
2023-11-02,100.18000030517578,100.18000030517578,99.19000244140625,99.22000122070312,73476
2023-11-03,100.68000030517578,100.80000305175781,100.18000030517578,100.5,123769
2023-11-06,100.54000091552734,100.77999877929688,100.5199966430664,100.72000122070312,62182
2023-11-07,101.12000274658203,101.16000366210938,100.44000244140625,100.4800033569336,43511
2023-11-08,100.68000030517578,101.23999786376953,100.5999984741211,100.80000305175781,48752
2023-11-09,101.0999984741211,101.31999969482422,100.73999786376953,100.9000015258789,52696
2023-11-10,100.86000061035156,100.91999816894531,100.19999694824219,100.69999694824219,56919
2023-11-13,101.4800033569336,101.5,101.12000274658203,101.16000366210938,48556
2023-11-14,102.16000366210938,102.30000305175781,101.18000030517578,101.44000244140625,56728
2023-11-15,102.5999984741211,102.77999877929688,102.23999786376953,102.30000305175781,81856
2023-11-16,101.91999816894531,102.4000015258789,101.77999877929688,102.36000061035156,45193
2023-11-17,102.27999877929688,102.68000030517578,102.13999938964844,102.54000091552734,36962
2023-11-20,102.36000061035156,102.4000015258789,101.9800033569336,102.12000274658203,65335
2023-11-21,102.37999725341797,102.55999755859375,102.19999694824219,102.4800033569336,47693
2023-11-22,103.22000122070312,103.33999633789062,102.55999755859375,102.5999984741211,39853
2023-11-23,103.16000366210938,103.22000122070312,102.91999816894531,103.08000183105469,25839
2023-11-24,102.94000244140625,103.0999984741211,102.80000305175781,102.9800033569336,28321
2023-11-27,102.73999786376953,102.83999633789062,102.41999816894531,102.62000274658203,47565
2023-11-28,102.58000183105469,102.58000183105469,102.13999938964844,102.5199966430664,46417
2023-11-29,102.72000122070312,103.05999755859375,102.4000015258789,102.5199966430664,26015
2023-11-30,103.13999938964844,103.4000015258789,102.86000061035156,102.9800033569336,57129
2023-12-01,104.12000274658203,104.23999786376953,103.4800033569336,103.58000183105469,127233
2023-12-04,104.12000274658203,104.12000274658203,104.12000274658203,104.12000274658203,0
2023-12-05,104.12000274658203,104.12000274658203,104.12000274658203,104.12000274658203,0
2023-12-06,104.12000274658203,104.12000274658203,104.12000274658203,104.12000274658203,0
2023-12-07,104.73999786376953,104.86000061035156,104.26000213623047,104.41999816894531,51490
2023-12-08,105.36000061035156,105.4800033569336,104.73999786376953,104.81999969482422,67461
2023-12-11,105.68000030517578,105.87999725341797,105.19999694824219,105.4800033569336,63899
2023-12-12,105.63999938964844,105.87999725341797,105.36000061035156,105.83999633789062,59626
2023-12-13,105.94000244140625,106.08000183105469,105.86000061035156,105.94000244140625,51073
2023-12-14,106.0,106.94000244140625,105.91999816894531,106.80000305175781,78613
2023-12-15,106.77999877929688,106.81999969482422,106.30000305175781,106.36000061035156,114728
2023-12-18,106.63999938964844,106.77999877929688,106.44000244140625,106.55999755859375,52804
2023-12-19,106.80000305175781,106.9000015258789,106.55999755859375,106.72000122070312,56399
2023-12-20,107.0999984741211,107.13999938964844,106.81999969482422,107.08000183105469,46314
2023-12-21,106.36000061035156,106.58000183105469,106.05999755859375,106.4800033569336,63585
2023-12-22,106.68000030517578,106.80000305175781,106.13999938964844,106.33999633789062,55029
2023-12-27,106.36000061035156,106.95999908447266,106.18000030517578,106.83999633789062,65886
2023-12-28,106.94000244140625,107.0,106.54000091552734,106.86000061035156,51355
2023-12-29,107.08000183105469,107.27999877929688,106.86000061035156,107.13999938964844,39452
2024-01-02,107.04000091552734,107.44000244140625,106.80000305175781,107.37999725341797,202047
2024-01-03,106.62000274658203,107.08000183105469,106.44000244140625,106.9800033569336,72707
2024-01-04,106.5999984741211,106.68000030517578,106.16000366210938,106.68000030517578,86969
2024-01-05,106.41999816894531,106.55999755859375,105.91999816894531,106.19999694824219,97346
2024-01-08,106.55999755859375,106.58000183105469,105.87999725341797,106.22000122070312,70383
2024-01-09,107.13999938964844,107.18000030517578,106.5999984741211,107.05999755859375,52532
2024-01-10,107.08000183105469,107.4000015258789,107.0199966430664,107.22000122070312,61524
2024-01-11,106.73999786376953,107.9000015258789,106.69999694824219,107.73999786376953,49649
2024-01-12,107.54000091552734,107.9000015258789,107.16000366210938,107.27999877929688,50313
2024-01-15,107.58000183105469,107.76000213623047,107.41999816894531,107.69999694824219,98261
2024-01-16,107.72000122070312,107.81999969482422,107.05999755859375,107.0999984741211,51320
2024-01-17,106.76000213623047,106.91999816894531,106.41999816894531,106.69999694824219,74561
2024-01-18,107.30000305175781,107.33999633789062,106.5999984741211,106.66000366210938,55283
2024-01-19,107.63999938964844,107.94000244140625,107.44000244140625,107.66000366210938,60619
2024-01-22,108.63999938964844,108.9000015258789,108.41999816894531,108.5,55353
2024-01-23,108.9000015258789,109.13999938964844,108.33999633789062,108.58000183105469,63126
2024-01-24,109.54000091552734,109.68000030517578,109.27999877929688,109.45999908447266,56661
2024-01-25,110.04000091552734,110.05999755859375,109.12000274658203,109.26000213623047,59554
2024-01-26,110.12000274658203,110.23999786376953,109.63999938964844,109.86000061035156,54574
2024-01-29,110.5999984741211,110.68000030517578,110.23999786376953,110.33999633789062,71333
2024-01-30,110.68000030517578,111.0,110.4800033569336,110.83999633789062,62385
2024-01-31,110.13999938964844,110.80000305175781,109.9800033569336,110.76000213623047,78285
2024-02-01,109.76000213623047,110.4000015258789,109.55999755859375,110.13999938964844,148135
2024-02-02,111.33999633789062,111.33999633789062,110.5199966430664,110.69999694824219,40765
2024-02-05,111.55999755859375,111.87999725341797,111.31999969482422,111.5199966430664,67769
2024-02-06,112.08000183105469,112.22000122070312,111.68000030517578,112.0,81738
2024-02-07,112.4800033569336,112.68000030517578,111.94000244140625,112.04000091552734,52190
2024-02-08,112.45999908447266,112.73999786376953,112.4000015258789,112.55999755859375,45055
2024-02-09,112.58000183105469,112.91999816894531,112.45999908447266,112.55999755859375,75826
2024-02-12,113.62000274658203,113.62000274658203,112.83999633789062,112.9000015258789,75038
2024-02-13,112.44000244140625,113.30000305175781,112.0999984741211,113.27999877929688,103831
2024-02-14,112.72000122070312,113.04000091552734,112.5199966430664,112.58000183105469,77647
2024-02-15,113.16000366210938,113.5,112.9000015258789,113.4000015258789,78595
2024-02-16,113.69999694824219,114.0,113.31999969482422,113.81999969482422,49416
2024-02-19,113.5199966430664,113.63999938964844,113.18000030517578,113.30000305175781,54796
2024-02-20,112.4800033569336,113.30000305175781,112.37999725341797,113.27999877929688,90186
2024-02-21,112.41999816894531,112.62000274658203,112.27999877929688,112.58000183105469,58763
2024-02-22,114.22000122070312,114.23999786376953,113.23999786376953,113.44000244140625,42779
2024-02-23,114.54000091552734,114.83999633789062,114.26000213623047,114.44000244140625,50731
2024-02-26,114.13999938964844,114.4000015258789,114.05999755859375,114.30000305175781,49377
2024-02-27,114.0,114.19999694824219,113.77999877929688,114.0,40090
2024-02-28,113.91999816894531,114.19999694824219,113.72000122070312,114.13999938964844,49496
2024-02-29,114.22000122070312,114.37999725341797,113.55999755859375,113.94000244140625,61062
2024-03-01,115.04000091552734,115.16000366210938,114.54000091552734,114.91999816894531,145433
2024-03-04,114.94000244140625,115.26000213623047,114.81999969482422,115.0999984741211,79895
2024-03-05,114.13999938964844,114.80000305175781,113.95999908447266,114.80000305175781,97550
2024-03-06,114.63999938964844,114.77999877929688,114.26000213623047,114.30000305175781,49795
2024-03-07,115.0999984741211,115.30000305175781,114.0999984741211,114.26000213623047,60536
2024-03-08,115.12000274658203,115.66000366210938,115.08000183105469,115.30000305175781,66012
2024-03-11,114.5,114.5199966430664,114.04000091552734,114.4000015258789,131547
2024-03-12,115.44000244140625,115.72000122070312,114.66000366210938,115.04000091552734,86119
2024-03-13,115.4000015258789,115.62000274658203,115.31999969482422,115.5999984741211,56678
2024-03-14,115.45999908447266,115.87999725341797,115.0999984741211,115.68000030517578,62526
2024-03-15,114.80000305175781,115.77999877929688,114.77999877929688,115.5199966430664,88517
2024-03-18,115.68000030517578,115.76000213623047,115.05999755859375,115.26000213623047,66340
2024-03-19,115.83999633789062,115.83999633789062,115.19999694824219,115.58000183105469,63751
2024-03-20,116.12000274658203,116.33999633789062,115.91999816894531,115.95999908447266,41736
2024-03-21,117.73999786376953,117.80000305175781,116.9000015258789,117.19999694824219,62654
2024-03-22,117.62000274658203,117.9800033569336,117.5199966430664,117.69999694824219,75486
2024-03-25,117.31999969482422,117.63999938964844,117.08000183105469,117.54000091552734,73368
2024-03-26,117.55999755859375,117.62000274658203,117.23999786376953,117.4000015258789,50140
2024-03-27,117.4800033569336,117.83999633789062,117.31999969482422,117.4800033569336,78343
2024-03-28,118.27999877929688,118.44000244140625,118.05999755859375,118.13999938964844,61795
2024-04-02,117.45999908447266,118.94000244140625,117.27999877929688,118.86000061035156,207263
2024-04-03,117.54000091552734,117.5999984741211,117.18000030517578,117.5,95816
2024-04-04,117.69999694824219,117.86000061035156,117.37999725341797,117.4800033569336,107931
2024-04-05,116.87999725341797,117.05999755859375,116.12000274658203,116.22000122070312,109096
2024-04-08,117.08000183105469,117.37999725341797,116.80000305175781,116.91999816894531,57936
2024-04-09,116.5999984741211,117.27999877929688,116.27999877929688,117.13999938964844,114582
2024-04-10,117.04000091552734,117.5999984741211,116.31999969482422,117.37999725341797,83446
2024-04-11,117.31999969482422,117.54000091552734,116.76000213623047,117.37999725341797,51352
2024-04-12,117.72000122070312,118.5,117.5,118.41999816894531,58713
2024-04-15,117.41999816894531,118.18000030517578,117.23999786376953,117.69999694824219,100788
2024-04-16,115.5999984741211,115.94000244140625,115.19999694824219,115.76000213623047,98090
2024-04-17,114.91999816894531,115.91999816894531,114.91999816894531,115.41999816894531,84503
2024-04-18,115.26000213623047,115.41999816894531,114.54000091552734,115.12000274658203,55779
2024-04-19,114.27999877929688,114.66000366210938,113.91999816894531,114.08000183105469,64451
2024-04-22,114.54000091552734,114.9000015258789,114.26000213623047,114.55999755859375,82355
2024-04-23,115.73999786376953,115.81999969482422,114.83999633789062,115.30000305175781,71742
2024-04-24,115.77999877929688,116.44000244140625,115.5999984741211,116.33999633789062,43891
2024-04-25,114.4800033569336,115.37999725341797,114.0999984741211,115.22000122070312,62550
2024-04-26,116.44000244140625,116.69999694824219,115.5999984741211,115.9000015258789,54865
2024-04-29,116.58000183105469,117.0199966430664,116.58000183105469,116.77999877929688,94125
2024-04-30,116.23999786376953,116.87999725341797,116.16000366210938,116.87999725341797,101066
2024-05-02,115.68000030517578,116.0999984741211,115.41999816894531,115.69999694824219,148273
2024-05-03,116.62000274658203,117.0,116.12000274658203,116.31999969482422,82161
2024-05-06,117.41999816894531,117.5,116.9800033569336,117.13999938964844,83877
2024-05-07,118.08000183105469,118.12000274658203,117.76000213623047,117.94000244140625,66734
2024-05-08,118.08000183105469,118.26000213623047,117.5999984741211,118.13999938964844,54487
2024-05-09,118.26000213623047,118.30000305175781,117.9000015258789,118.04000091552734,31657
2024-05-10,118.63999938964844,119.0,118.5999984741211,118.69999694824219,47518
2024-05-13,118.5999984741211,118.91999816894531,118.54000091552734,118.91999816894531,60043
2024-05-14,118.5199966430664,118.77999877929688,118.22000122070312,118.62000274658203,69377
2024-05-15,119.37999725341797,119.37999725341797,118.66000366210938,118.9000015258789,86081
2024-05-16,119.80000305175781,119.91999816894531,119.62000274658203,119.72000122070312,43609
2024-05-17,119.55999755859375,119.80000305175781,119.45999908447266,119.55999755859375,39060
2024-05-20,120.18000030517578,120.18000030517578,119.68000030517578,119.76000213623047,36453
2024-05-21,119.81999969482422,119.87999725341797,119.5,119.72000122070312,62340
2024-05-22,119.87999725341797,120.0,119.73999786376953,119.80000305175781,46081
2024-05-23,119.9000015258789,120.73999786376953,119.54000091552734,120.31999969482422,41197
2024-05-24,119.4000015258789,119.58000183105469,118.9800033569336,119.0999984741211,60683
2024-05-27,119.69999694824219,119.69999694824219,119.37999725341797,119.54000091552734,48233
2024-05-28,119.22000122070312,119.72000122070312,119.16000366210938,119.5999984741211,66146
2024-05-29,118.68000030517578,118.95999908447266,118.31999969482422,118.87999725341797,60119
2024-05-30,118.26000213623047,118.5,118.08000183105469,118.22000122070312,58982
2024-05-31,117.5199966430664,118.30000305175781,117.4000015258789,118.08000183105469,93032
2024-06-03,118.41999816894531,119.33999633789062,118.36000061035156,119.30000305175781,181358
2024-06-04,117.95999908447266,118.55999755859375,117.77999877929688,118.18000030517578,89771
2024-06-05,119.4800033569336,119.4800033569336,118.66000366210938,118.76000213623047,56587
2024-06-06,119.91999816894531,120.13999938964844,119.66000366210938,119.87999725341797,49001
2024-06-07,120.45999908447266,120.68000030517578,119.54000091552734,119.9800033569336,70813
2024-06-10,120.9800033569336,120.9800033569336,120.30000305175781,120.54000091552734,52417
2024-06-11,120.73999786376953,120.87999725341797,120.31999969482422,120.86000061035156,45970
2024-06-12,121.37999725341797,121.66000366210938,120.9800033569336,121.18000030517578,53683
2024-06-13,121.31999969482422,121.58000183105469,121.04000091552734,121.45999908447266,63361
2024-06-14,121.68000030517578,122.05999755859375,121.23999786376953,121.91999816894531,68325
2024-06-17,121.73999786376953,122.08000183105469,121.4800033569336,121.9800033569336,86173
2024-06-18,122.41999816894531,122.58000183105469,122.23999786376953,122.4000015258789,65172
2024-06-19,122.62000274658203,122.9000015258789,122.54000091552734,122.81999969482422,85207
2024-06-20,123.05999755859375,124.0,122.81999969482422,123.04000091552734,71103
2024-06-21,122.69999694824219,123.05999755859375,122.45999908447266,122.81999969482422,67245
2024-06-24,122.87999725341797,122.94000244140625,122.30000305175781,122.5999984741211,93065
2024-06-25,122.72000122070312,122.86000061035156,122.31999969482422,122.45999908447266,78297
2024-06-26,122.76000213623047,123.45999908447266,122.62000274658203,123.22000122070312,76608
2024-06-27,122.68000030517578,123.0199966430664,122.66000366210938,122.9000015258789,66172
2024-06-28,123.18000030517578,123.72000122070312,123.04000091552734,123.30000305175781,66047
2024-07-01,122.5199966430664,122.80000305175781,122.12000274658203,122.5999984741211,202510
2024-07-02,122.72000122070312,122.72000122070312,122.05999755859375,122.37999725341797,85096
2024-07-03,123.12000274658203,123.33999633789062,122.9000015258789,123.12000274658203,66366
2024-07-04,123.45999908447266,123.76000213623047,123.36000061035156,123.55999755859375,71459
2024-07-05,123.41999816894531,123.63999938964844,123.13999938964844,123.55999755859375,59519
2024-07-08,123.68000030517578,123.9000015258789,123.5,123.55999755859375,82477
2024-07-09,123.86000061035156,124.13999938964844,123.77999877929688,123.87999725341797,73615
2024-07-10,124.41999816894531,124.41999816894531,123.86000061035156,123.87999725341797,63556
2024-07-11,124.23999786376953,125.0,124.22000122070312,124.95999908447266,90735
2024-07-12,124.83999633789062,124.87999725341797,124.0,124.33999633789062,65048
2024-07-15,124.76000213623047,124.94000244140625,124.41999816894531,124.76000213623047,128454
2024-07-16,124.87999725341797,125.13999938964844,124.19999694824219,124.5,90403
2024-07-17,123.58000183105469,124.62000274658203,123.45999908447266,124.55999755859375,135084
2024-07-18,122.95999908447266,124.08000183105469,122.94000244140625,123.87999725341797,103178
2024-07-19,122.0999984741211,122.86000061035156,122.08000183105469,122.72000122070312,101092
2024-07-22,122.62000274658203,123.18000030517578,122.27999877929688,122.37999725341797,91241
2024-07-23,123.72000122070312,123.73999786376953,122.77999877929688,122.9000015258789,74233
2024-07-24,121.69999694824219,122.83999633789062,121.54000091552734,122.5199966430664,116163
2024-07-25,121.08000183105469,121.23999786376953,120.0999984741211,121.05999755859375,150354
2024-07-26,121.33999633789062,121.54000091552734,120.73999786376953,120.86000061035156,98247
2024-07-29,121.54000091552734,122.62000274658203,121.54000091552734,122.0999984741211,92201
2024-07-30,121.5999984741211,122.5,121.5,121.9800033569336,62731
2024-07-31,123.5,123.55999755859375,122.69999694824219,122.81999969482422,71655
2024-08-01,122.23999786376953,124.0,122.23999786376953,123.63999938964844,190012
2024-08-02,117.5199966430664,120.5199966430664,117.08000183105469,120.44000244140625,187366
2024-08-05,114.80000305175781,114.9800033569336,111.80000305175781,114.16000366210938,339465
2024-08-06,115.66000366210938,116.22000122070312,114.58000183105469,115.62000274658203,259387
2024-08-07,117.5,117.9000015258789,116.27999877929688,116.5,238584
2024-08-08,117.66000366210938,117.72000122070312,115.08000183105469,115.72000122070312,105951
2024-08-09,118.04000091552734,118.62000274658203,117.45999908447266,117.81999969482422,135922
2024-08-12,118.30000305175781,118.83999633789062,118.0,118.5,70019
2024-08-13,119.31999969482422,119.37999725341797,118.37999725341797,118.86000061035156,73667
2024-08-14,119.54000091552734,119.58000183105469,118.68000030517578,119.54000091552734,106641
2024-08-15,121.62000274658203,121.68000030517578,119.80000305175781,119.9800033569336,107604
2024-08-16,121.73999786376953,122.16000366210938,121.27999877929688,122.08000183105469,69207
2024-08-19,122.0999984741211,122.16000366210938,121.5199966430664,121.62000274658203,66471
2024-08-20,121.69999694824219,122.5999984741211,121.62000274658203,122.41999816894531,89959
2024-08-21,121.91999816894531,122.37999725341797,121.69999694824219,121.81999969482422,37929
2024-08-22,122.0,122.62000274658203,121.95999908447266,122.0,69030
2024-08-23,122.0999984741211,122.55999755859375,121.58000183105469,121.86000061035156,44259
2024-08-26,121.91999816894531,122.66000366210938,121.83999633789062,122.13999938964844,59928
2024-08-27,122.0,122.31999969482422,121.69999694824219,122.0999984741211,56535
2024-08-28,122.04000091552734,122.80000305175781,121.95999908447266,122.45999908447266,46228
2024-08-29,123.41999816894531,123.55999755859375,122.12000274658203,122.18000030517578,96601
2024-08-30,123.0199966430664,123.5,122.95999908447266,123.12000274658203,45512
2024-09-02,123.66000366210938,123.73999786376953,123.19999694824219,123.4800033569336,150888
2024-09-03,122.4800033569336,123.81999969482422,122.0199966430664,123.77999877929688,97165
2024-09-04,121.16000366210938,121.54000091552734,120.69999694824219,120.77999877929688,102175
2024-09-05,120.41999816894531,121.37999725341797,120.12000274658203,120.81999969482422,77847
2024-09-06,118.83999633789062,120.91999816894531,118.5999984741211,119.95999908447266,74302
2024-09-09,120.18000030517578,120.45999908447266,119.54000091552734,119.58000183105469,115632
2024-09-10,120.30000305175781,120.68000030517578,119.94000244140625,120.04000091552734,87946
2024-09-11,119.80000305175781,120.86000061035156,119.19999694824219,120.27999877929688,55798
2024-09-12,121.86000061035156,122.4000015258789,121.27999877929688,122.12000274658203,43925
2024-09-13,122.69999694824219,122.73999786376953,122.0,122.26000213623047,39989
2024-09-16,122.13999938964844,122.54000091552734,121.83999633789062,122.30000305175781,104541
2024-09-17,122.91999816894531,123.12000274658203,122.55999755859375,122.62000274658203,63498
2024-09-18,122.31999969482422,122.69999694824219,122.18000030517578,122.66000366210938,48506
2024-09-19,124.05999755859375,124.26000213623047,123.22000122070312,123.41999816894531,86152
2024-09-20,123.27999877929688,123.86000061035156,123.0999984741211,123.63999938964844,61744
2024-09-23,124.18000030517578,124.30000305175781,123.55999755859375,123.5999984741211,77237
2024-09-24,124.45999908447266,124.76000213623047,123.9800033569336,124.72000122070312,52645
2024-09-25,124.4800033569336,124.55999755859375,123.80000305175781,123.83999633789062,47647
2024-09-26,125.19999694824219,126.18000030517578,125.0999984741211,125.5,79201
2024-09-27,125.55999755859375,125.81999969482422,125.31999969482422,125.66000366210938,82424
2024-09-30,125.19999694824219,125.58000183105469,124.58000183105469,125.33999633789062,97501
2024-10-01,125.4800033569336,126.4000015258789,124.91999816894531,125.81999969482422,230541
2024-10-02,126.19999694824219,126.22000122070312,125.26000213623047,125.81999969482422,105028
2024-10-03,125.83999633789062,126.0,125.30000305175781,125.94000244140625,71726
2024-10-04,126.5999984741211,127.36000061035156,125.72000122070312,125.83999633789062,103698
2024-10-07,127.04000091552734,127.30000305175781,126.69999694824219,127.26000213623047,136577
2024-10-08,126.73999786376953,126.80000305175781,125.5999984741211,125.72000122070312,89186
2024-10-09,127.5199966430664,127.5199966430664,126.37999725341797,126.54000091552734,66355
2024-10-10,127.73999786376953,127.80000305175781,127.0999984741211,127.77999877929688,97817
2024-10-11,128.1999969482422,128.33999633789062,127.18000030517578,127.45999908447266,66725
2024-10-14,129.0800018310547,129.33999633789062,128.3000030517578,128.4199981689453,102174
2024-10-15,128.6199951171875,129.44000244140625,128.4199981689453,129.3800048828125,123581
2024-10-16,128.72000122070312,128.82000732421875,128.24000549316406,128.47999572753906,47047
2024-10-17,129.74000549316406,130.25999450683594,129.13999938964844,129.27999877929688,59057
2024-10-18,129.66000366210938,129.94000244140625,129.39999389648438,129.6199951171875,86557
2024-10-21,129.0800018310547,129.74000549316406,129.0,129.63999938964844,83088
2024-10-22,129.24000549316406,129.39999389648438,128.67999267578125,129.3000030517578,81806
2024-10-23,128.86000061035156,129.8000030517578,128.77999877929688,129.60000610351562,71533
2024-10-24,128.5800018310547,129.33999633789062,128.55999755859375,129.0,60404
2024-10-25,129.02000427246094,129.25999450683594,128.39999389648438,128.55999755859375,66627
2024-10-28,128.97999572753906,129.24000549316406,128.6199951171875,129.16000366210938,60493
2024-10-29,129.05999755859375,129.32000732421875,128.83999633789062,129.1199951171875,65856
2024-10-30,128.25999450683594,128.97999572753906,128.0399932861328,128.94000244140625,97546
2024-10-31,126.22000122070312,127.22000122070312,125.91999816894531,127.0999984741211,112233
2024-11-01,127.23999786376953,127.41999816894531,126.19999694824219,126.22000122070312,227269
2024-11-04,126.30000305175781,126.66000366210938,126.0,126.5,96574
2024-11-05,126.9800033569336,127.08000183105469,126.22000122070312,126.5,82497
2024-11-06,130.4199981689453,131.55999755859375,129.9600067138672,130.52000427246094,129187
2024-11-07,131.3800048828125,131.5,130.9600067138672,131.0800018310547,105189
2024-11-08,131.97999572753906,131.97999572753906,130.94000244140625,131.77999877929688,102063
2024-11-11,133.25999450683594,133.55999755859375,132.8000030517578,132.8800048828125,125247
2024-11-12,132.63999938964844,133.1199951171875,132.5,132.8800048828125,99463
2024-11-13,133.0399932861328,133.0399932861328,131.89999389648438,132.33999633789062,86622
2024-11-14,132.94000244140625,133.77999877929688,132.66000366210938,133.0,95152
2024-11-15,131.36000061035156,132.13999938964844,131.36000061035156,131.9600067138672,158037
2024-11-18,131.86000061035156,131.86000061035156,131.02000427246094,131.5,96627
2024-11-19,131.75999450683594,131.97999572753906,130.27999877929688,131.9199981689453,86712
2024-11-20,131.8000030517578,132.5,131.4600067138672,132.25999450683594,67127
2024-11-21,133.27999877929688,133.4199981689453,131.8000030517578,132.16000366210938,85578
2024-11-22,134.82000732421875,135.17999267578125,133.55999755859375,133.60000610351562,91429
2024-11-25,134.4600067138672,135.05999755859375,134.24000549316406,135.02000427246094,119424
2024-11-26,134.55999755859375,134.67999267578125,133.74000549316406,134.13999938964844,100141
2024-11-27,133.47999572753906,134.55999755859375,133.32000732421875,134.52000427246094,125124
2024-11-28,134.02000427246094,134.1999969482422,133.8000030517578,134.0800018310547,59317
2024-11-29,134.55999755859375,134.60000610351562,133.74000549316406,133.8000030517578,79021
2024-12-02,135.75999450683594,135.8800048828125,134.8800048828125,135.02000427246094,179780
2024-12-03,135.63999938964844,135.94000244140625,135.36000061035156,135.89999389648438,109115
2024-12-04,136.05999755859375,136.77999877929688,135.8000030517578,135.97999572753906,97961
2024-12-05,135.9600067138672,136.39999389648438,135.72000122070312,136.13999938964844,113325
2024-12-06,136.0399932861328,136.3800048828125,135.39999389648438,135.6199951171875,80160
2024-12-09,135.94000244140625,136.52000427246094,135.60000610351562,136.4600067138672,142807
2024-12-10,136.0,136.1999969482422,135.5800018310547,135.63999938964844,108216
2024-12-11,136.6999969482422,136.75999450683594,135.66000366210938,135.77999877929688,80971
2024-12-12,136.4199981689453,136.75999450683594,136.10000610351562,136.5399932861328,116057
2024-12-13,135.77999877929688,136.6199951171875,135.4600067138672,136.47999572753906,89903
2024-12-16,135.9600067138672,136.24000549316406,135.47999572753906,135.63999938964844,125576
2024-12-17,135.5,135.83999633789062,135.0800018310547,135.52000427246094,127278
2024-12-18,135.77999877929688,136.0399932861328,135.36000061035156,135.67999267578125,84664
2024-12-19,133.83999633789062,134.16000366210938,133.1999969482422,133.39999389648438,160128
2024-12-20,134.05999755859375,134.05999755859375,131.25999450683594,132.66000366210938,189822
2024-12-23,133.75999450683594,134.1999969482422,133.36000061035156,134.05999755859375,191269
2024-12-27,134.36000061035156,135.3000030517578,133.86000061035156,135.10000610351562,144258
2024-12-30,133.22000122070312,134.32000732421875,133.10000610351562,134.0399932861328,93464
2025-01-02,135.47999572753906,135.47999572753906,133.97999572753906,134.27999877929688,437836
2025-01-03,135.24000549316406,135.24000549316406,134.39999389648438,134.77999877929688,157593
2025-01-06,135.8800048828125,136.0399932861328,135.0,135.32000732421875,216484
2025-01-07,134.9199981689453,135.6999969482422,134.67999267578125,134.89999389648438,177334
2025-01-08,135.0,135.44000244140625,134.4199981689453,134.9600067138672,102919
2025-01-09,135.05999755859375,135.0800018310547,134.60000610351562,134.66000366210938,53803
2025-01-10,133.72000122070312,135.02000427246094,133.4199981689453,134.74000549316406,116613
2025-01-13,133.5399932861328,133.89999389648438,132.82000732421875,133.47999572753906,181311
2025-01-14,133.32000732421875,134.5,133.10000610351562,134.27999877929688,117833
2025-01-15,135.3800048828125,135.55999755859375,133.36000061035156,133.44000244140625,114581
2025-01-16,135.8000030517578,136.32000732421875,135.60000610351562,136.27999877929688,76808
2025-01-17,137.02000427246094,137.1999969482422,135.9600067138672,136.05999755859375,82797
2025-01-20,136.4199981689453,137.0,136.13999938964844,136.89999389648438,120646
2025-01-21,136.47999572753906,137.0399932861328,136.22000122070312,136.36000061035156,94523
2025-01-22,137.47999572753906,137.47999572753906,136.82000732421875,137.02000427246094,82908
2025-01-23,137.6199951171875,137.77999877929688,137.0800018310547,137.36000061035156,85399
2025-01-24,137.13999938964844,137.60000610351562,136.86000061035156,137.52000427246094,123444
2025-01-27,134.8800048828125,135.52000427246094,133.5,135.4600067138672,238848
2025-01-28,136.5,136.9600067138672,135.83999633789062,136.22000122070312,119717
2025-01-29,137.13999938964844,137.86000061035156,137.02000427246094,137.6199951171875,117084
2025-01-30,137.63999938964844,138.02000427246094,137.16000366210938,137.55999755859375,87950
2025-01-31,138.86000061035156,139.1999969482422,138.5800018310547,138.60000610351562,125932
2025-02-03,137.77999877929688,137.86000061035156,136.6999969482422,137.16000366210938,294822
2025-02-04,137.83999633789062,137.9199981689453,136.83999633789062,137.5,112856
2025-02-05,137.3800048828125,137.39999389648438,136.67999267578125,137.02000427246094,116945
2025-02-06,138.86000061035156,139.0399932861328,138.4600067138672,138.47999572753906,87075
2025-02-07,138.66000366210938,139.44000244140625,138.39999389648438,138.83999633789062,125886
2025-02-10,139.55999755859375,139.72000122070312,138.9600067138672,139.0800018310547,90452
2025-02-11,139.16000366210938,139.36000061035156,138.86000061035156,139.1999969482422,125477
2025-02-12,138.3000030517578,139.47999572753906,137.97999572753906,138.94000244140625,134347
2025-02-13,138.9199981689453,139.0399932861328,138.0399932861328,138.33999633789062,109798
2025-02-14,138.6999969482422,139.24000549316406,138.5399932861328,139.17999267578125,83281
2025-02-17,139.44000244140625,139.52000427246094,139.13999938964844,139.17999267578125,129539
2025-02-18,139.5800018310547,140.13999938964844,139.4199981689453,139.77999877929688,108200
2025-02-19,140.0,140.17999267578125,139.36000061035156,140.0,85941
2025-02-20,138.72000122070312,139.9600067138672,138.63999938964844,139.6999969482422,119656
2025-02-21,138.97999572753906,139.60000610351562,138.74000549316406,139.0399932861328,79259
2025-02-24,137.3800048828125,138.1999969482422,136.6199951171875,137.75999450683594,179554
2025-02-25,135.4199981689453,137.10000610351562,135.22000122070312,136.8800048828125,197367
2025-02-26,137.22000122070312,137.5,136.5800018310547,136.83999633789062,124327
2025-02-27,137.39999389648438,137.67999267578125,136.33999633789062,137.0399932861328,90165
2025-02-28,135.82000732421875,136.10000610351562,134.82000732421875,135.44000244140625,174276
2025-03-03,136.10000610351562,137.33999633789062,135.86000061035156,137.24000549316406,243932
2025-03-04,131.89999389648438,134.5,131.5399932861328,134.44000244140625,226375
2025-03-05,130.3000030517578,132.44000244140625,130.24000549316406,132.1999969482422,178456
2025-03-06,130.52000427246094,131.44000244140625,129.6999969482422,131.32000732421875,142177
2025-03-07,128.39999389648438,130.0,128.3000030517578,129.72000122070312,186920
2025-03-10,127.37999725341797,129.39999389648438,127.04000091552734,129.3800048828125,183002
2025-03-11,125.05999755859375,126.83999633789062,124.63999938964844,126.5999984741211,239769
2025-03-12,126.4000015258789,127.19999694824219,124.94000244140625,125.69999694824219,276495
2025-03-13,125.5999984741211,126.68000030517578,125.4000015258789,125.87999725341797,173686
2025-03-14,127.08000183105469,127.37999725341797,125.77999877929688,126.04000091552734,137367
2025-03-17,127.69999694824219,128.13999938964844,126.81999969482422,127.0199966430664,273213
2025-03-18,127.19999694824219,128.27999877929688,126.77999877929688,127.81999969482422,177815
2025-03-19,128.4600067138672,128.66000366210938,127.33999633789062,127.36000061035156,96727
2025-03-20,128.74000549316406,129.6199951171875,127.95999908447266,129.05999755859375,137356
2025-03-21,128.3800048828125,128.66000366210938,127.54000091552734,128.52000427246094,93174
2025-03-24,130.4600067138672,130.6199951171875,129.39999389648438,129.60000610351562,180448
2025-03-25,130.60000610351562,130.86000061035156,130.27999877929688,130.4600067138672,158692
2025-03-26,130.02000427246094,131.0800018310547,129.89999389648438,130.97999572753906,114340
2025-03-27,129.63999938964844,130.05999755859375,128.8800048828125,129.77999877929688,102621
2025-03-28,126.9000015258789,129.33999633789062,126.77999877929688,128.75999450683594,107926
2025-03-31,126.08000183105469,126.08000183105469,124.76000213623047,125.58000183105469,142441
2025-04-01,127.5199966430664,127.72000122070312,126.05999755859375,127.13999938964844,209556
2025-04-02,127.30000305175781,127.5,126.0999984741211,127.41999816894531,59331
2025-04-03,121.30000305175781,123.66000366210938,120.31999969482422,123.05999755859375,285923
2025-04-04,115.80000305175781,120.22000122070312,114.63999938964844,119.94000244140625,459008
2025-04-07,112.5199966430664,120.08000183105469,107.9000015258789,108.5999984741211,758826
2025-04-08,115.94000244140625,117.69999694824219,114.23999786376953,114.30000305175781,367926
2025-04-09,110.5,114.30000305175781,108.55999755859375,114.30000305175781,332917
2025-04-10,114.77999877929688,120.4800033569336,114.77999877929688,120.26000213623047,397189
2025-04-11,113.91999816894531,115.30000305175781,112.30000305175781,115.19999694824219,254886
2025-04-14,117.0999984741211,118.26000213623047,116.37999725341797,116.4800033569336,203766
2025-04-15,118.30000305175781,118.77999877929688,117.0999984741211,117.62000274658203,199093
2025-04-16,116.9000015258789,117.44000244140625,115.5199966430664,116.05999755859375,100792
2025-04-17,115.81999969482422,116.73999786376953,115.23999786376953,116.30000305175781,186357
2025-04-22,115.08000183105469,115.26000213623047,113.5999984741211,113.95999908447266,227819
2025-04-23,118.41999816894531,119.87999725341797,117.66000366210938,117.77999877929688,184017
2025-04-24,119.41999816894531,119.5999984741211,117.12000274658203,117.81999969482422,116227
2025-04-25,119.80000305175781,120.66000366210938,119.41999816894531,120.5999984741211,126639
2025-04-28,120.13999938964844,121.19999694824219,120.0199966430664,120.76000213623047,118915
2025-04-29,120.69999694824219,121.16000366210938,120.0999984741211,120.76000213623047,120464
2025-04-30,121.13999938964844,121.63999938964844,119.33999633789062,121.33999633789062,144034
2025-05-02,124.13999938964844,124.4000015258789,123.05999755859375,123.45999908447266,270118
2025-05-05,124.44000244140625,124.55999755859375,123.62000274658203,124.0,149352
2025-05-06,123.77999877929688,123.9800033569336,122.83999633789062,123.94000244140625,106705
2025-05-07,123.13999938964844,123.66000366210938,122.80000305175781,123.4000015258789,153445
2025-05-08,125.0,125.18000030517578,123.87999725341797,124.73999786376953,95623
2025-05-09,124.94000244140625,125.62000274658203,124.41999816894531,125.13999938964844,138128
2025-05-12,129.0399932861328,129.9600067138672,128.4199981689453,128.66000366210938,293767
2025-05-13,129.72000122070312,130.0399932861328,128.9199981689453,129.0399932861328,111093
2025-05-14,129.4600067138672,129.77999877929688,128.6999969482422,129.55999755859375,117850
2025-05-15,129.9199981689453,129.9199981689453,128.6999969482422,128.9199981689453,148123
2025-05-16,130.6999969482422,130.6999969482422,129.86000061035156,129.9199981689453,86687
2025-05-19,130.0800018310547,130.1199951171875,128.52000427246094,129.47999572753906,120179
2025-05-20,130.24000549316406,130.66000366210938,129.8000030517578,130.02000427246094,140397
2025-05-21,129.32000732421875,129.4600067138672,128.36000061035156,129.16000366210938,96325
2025-05-22,128.4199981689453,128.52000427246094,127.41999816894531,128.4199981689453,143015
2025-05-23,127.13999938964844,128.36000061035156,126.0,128.22000122070312,220057
2025-05-26,128.17999267578125,128.39999389648438,127.83999633789062,127.94000244140625,80725
2025-05-27,129.0800018310547,129.10000610351562,128.0399932861328,128.32000732421875,73640
2025-05-28,129.17999267578125,129.72000122070312,128.86000061035156,129.3800048828125,61711
2025-05-29,128.60000610351562,131.10000610351562,128.47999572753906,130.6999969482422,99409
2025-05-30,128.47999572753906,129.17999267578125,128.10000610351562,128.77999877929688,87108
2025-06-02,127.95999908447266,128.27999877929688,127.0999984741211,127.83999633789062,213244
2025-06-03,129.44000244140625,129.44000244140625,127.9000015258789,128.36000061035156,100299
2025-06-04,129.5800018310547,130.0,129.1999969482422,129.72000122070312,68112
2025-06-05,129.67999267578125,130.16000366210938,128.5800018310547,129.6199951171875,128843
2025-06-06,130.17999267578125,130.66000366210938,129.3000030517578,129.4199981689453,74096
2025-06-09,130.27999877929688,130.5800018310547,130.02000427246094,130.17999267578125,142533
2025-06-10,130.3000030517578,130.6199951171875,130.1199951171875,130.4600067138672,79171
2025-06-11,130.36000061035156,131.0,130.27999877929688,130.74000549316406,102698
2025-06-12,129.17999267578125,129.52000427246094,128.0,129.4600067138672,100241
2025-06-13,128.5800018310547,129.10000610351562,127.86000061035156,128.02000427246094,102505
2025-06-16,129.1999969482422,129.3000030517578,128.4199981689453,128.60000610351562,209877
2025-06-17,128.86000061035156,129.10000610351562,128.17999267578125,128.60000610351562,90850
2025-06-18,128.75999450683594,129.1999969482422,128.52000427246094,128.77999877929688,98527
2025-06-19,127.62000274658203,128.47999572753906,127.5199966430664,128.44000244140625,93197
2025-06-20,128.0399932861328,128.8800048828125,127.69999694824219,128.0399932861328,85249
2025-06-23,127.76000213623047,128.5,127.55999755859375,127.5999984741211,71936
2025-06-24,129.16000366210938,129.39999389648438,128.8000030517578,129.33999633789062,50356
2025-06-25,129.0800018310547,129.74000549316406,129.05999755859375,129.60000610351562,82258
2025-06-26,129.16000366210938,129.33999633789062,128.63999938964844,128.97999572753906,69409
2025-06-27,130.10000610351562,130.10000610351562,129.36000061035156,129.67999267578125,82354
2025-06-30,129.77999877929688,130.25999450683594,129.63999938964844,130.16000366210938,133291
2025-07-01,129.5800018310547,129.8800048828125,129.05999755859375,129.8800048828125,254464
2025-07-02,129.9199981689453,130.1999969482422,129.4600067138672,130.10000610351562,73761
2025-07-03,131.22000122070312,131.25999450683594,130.0,130.1999969482422,74818
2025-07-04,130.27999877929688,130.5399932861328,130.0399932861328,130.52000427246094,54122
2025-07-07,130.6999969482422,131.1199951171875,130.39999389648438,130.47999572753906,166255
2025-07-08,130.74000549316406,131.05999755859375,130.39999389648438,130.5,132730
2025-07-09,131.10000610351562,131.55999755859375,130.5,130.6199951171875,130731
2025-07-10,132.0,132.0,131.02000427246094,131.10000610351562,106230
2025-07-11,131.27999877929688,131.75999450683594,130.9199981689453,131.75999450683594,99869
2025-07-14,131.44000244140625,131.47999572753906,130.8000030517578,131.0,76771
2025-07-15,132.24000549316406,132.39999389648438,131.9199981689453,132.10000610351562,148612
2025-07-16,130.39999389648438,132.44000244140625,130.39999389648438,131.47999572753906,155126
2025-07-17,133.0399932861328,133.05999755859375,132.36000061035156,132.60000610351562,133168
2025-07-18,132.5800018310547,133.13999938964844,132.47999572753906,133.13999938964844,116976
2025-07-21,132.74000549316406,133.0399932861328,132.5399932861328,132.89999389648438,105965
2025-07-22,131.8800048828125,132.5399932861328,131.75999450683594,132.32000732421875,107012
2025-07-23,133.05999755859375,133.24000549316406,132.63999938964844,132.75999450683594,129266
2025-07-24,133.25999450683594,133.60000610351562,132.9600067138672,133.39999389648438,72137
2025-07-25,133.39999389648438,133.5,132.97999572753906,133.16000366210938,79198
2025-07-28,134.5399932861328,134.6199951171875,134.17999267578125,134.32000732421875,188900
2025-07-29,135.0800018310547,135.77999877929688,135.0399932861328,135.33999633789062,147805
2025-07-30,135.6999969482422,135.9600067138672,134.89999389648438,135.05999755859375,102894
2025-07-31,135.89999389648438,137.0,135.5399932861328,136.55999755859375,114760
2025-08-01,132.0399932861328,134.72000122070312,131.32000732421875,134.6999969482422,335328
2025-08-04,133.44000244140625,133.60000610351562,132.52000427246094,132.5399932861328,129332
2025-08-05,133.22000122070312,134.5399932861328,133.22000122070312,134.3800048828125,110453
2025-08-06,133.4600067138672,134.0800018310547,132.9199981689453,133.9600067138672,132366
2025-08-07,133.89999389648438,134.6999969482422,133.66000366210938,133.72000122070312,118149
2025-08-08,134.1999969482422,134.55999755859375,133.97999572753906,134.0800018310547,89140
2025-08-11,135.0399932861328,135.16000366210938,134.5,134.82000732421875,123018
2025-08-12,135.02000427246094,135.33999633789062,134.52000427246094,134.97999572753906,118612
2025-08-13,135.3000030517578,135.89999389648438,135.3000030517578,135.44000244140625,81941
2025-08-14,135.9199981689453,136.10000610351562,135.33999633789062,135.67999267578125,143871
2025-08-15,135.47999572753906,136.4199981689453,135.39999389648438,136.4199981689453,132160
2025-08-18,135.8000030517578,135.9600067138672,135.44000244140625,135.67999267578125,197849
2025-08-19,135.82000732421875,136.17999267578125,135.5399932861328,135.8000030517578,88154
2025-08-20,135.0800018310547,135.66000366210938,134.4199981689453,135.52000427246094,173081
2025-08-21,135.5399932861328,135.63999938964844,134.8000030517578,135.5800018310547,77880
2025-08-22,136.39999389648438,136.55999755859375,135.44000244140625,135.5,100381
2025-08-25,136.24000549316406,136.33999633789062,135.94000244140625,136.05999755859375,162894
2025-08-26,135.97999572753906,136.22000122070312,135.77999877929688,136.16000366210938,240042
2025-08-27,136.82000732421875,137.02000427246094,136.5800018310547,136.74000549316406,77696
2025-08-28,136.5399932861328,137.0399932861328,136.22000122070312,136.82000732421875,171184
2025-08-29,135.47999572753906,136.66000366210938,135.36000061035156,136.63999938964844,131265
2025-09-01,135.8800048828125,135.8800048828125,135.47999572753906,135.5800018310547,218573
2025-09-02,134.39999389648438,135.8000030517578,134.39999389648438,135.6999969482422,161212
2025-09-03,135.3000030517578,135.86000061035156,135.27999877929688,135.55999755859375,136642
2025-09-04,136.27999877929688,136.39999389648438,135.77999877929688,135.86000061035156,83943
2025-09-05,135.55999755859375,136.9600067138672,135.05999755859375,136.9600067138672,137958
2025-09-08,136.44000244140625,136.5,136.0,136.36000061035156,123630
2025-09-09,136.5800018310547,136.6999969482422,136.27999877929688,136.36000061035156,138873
2025-09-10,137.3800048828125,137.8800048828125,137.3000030517578,137.63999938964844,97248
2025-09-11,138.3000030517578,138.3000030517578,137.47999572753906,137.83999633789062,88434
2025-09-12,138.33999633789062,138.60000610351562,138.0,138.1999969482422,73026
2025-09-15,138.5800018310547,138.75999450683594,138.22000122070312,138.52000427246094,182040
2025-09-16,137.5399932861328,138.66000366210938,137.44000244140625,138.52000427246094,94838
2025-09-17,137.63999938964844,137.89999389648438,137.44000244140625,137.67999267578125,102476
2025-09-18,138.9600067138672,139.1999969482422,138.16000366210938,138.39999389648438,83633
2025-09-19,139.0399932861328,139.3800048828125,138.55999755859375,138.75999450683594,108562
2025-09-22,139.27999877929688,139.36000061035156,138.6999969482422,139.32000732421875,193813
2025-09-23,139.52000427246094,139.77999877929688,139.25999450683594,139.4199981689453,139739
2025-09-24,139.33999633789062,139.66000366210938,138.94000244140625,139.16000366210938,100937
2025-09-25,139.13999938964844,139.22000122070312,138.25999450683594,138.9600067138672,124656
2025-09-26,139.05999755859375,139.60000610351562,138.77999877929688,139.02000427246094,149216
2025-09-29,139.60000610351562,140.02000427246094,139.44000244140625,139.72000122070312,97070
2025-09-30,139.4600067138672,139.74000549316406,139.13999938964844,139.44000244140625,115270
2025-10-01,140.5,140.5,138.8000030517578,138.9199981689453,226311
2025-10-02,141.05999755859375,141.32000732421875,140.82000732421875,141.02000427246094,91676
2025-10-03,141.66000366210938,141.74000549316406,141.1999969482422,141.60000610351562,112730
2025-10-06,142.17999267578125,142.6199951171875,141.86000061035156,142.10000610351562,150586
2025-10-07,141.89999389648438,142.77999877929688,141.89999389648438,142.17999267578125,209214
2025-10-08,143.16000366210938,143.17999267578125,142.36000061035156,142.44000244140625,136286
2025-10-09,143.16000366210938,143.39999389648438,142.89999389648438,143.22000122070312,138500
2025-10-10,140.1199951171875,143.44000244140625,140.0800018310547,143.02000427246094,143055
2025-10-13,141.44000244140625,141.5,140.5399932861328,140.67999267578125,403043
2025-10-14,140.83999633789062,140.83999633789062,139.5800018310547,140.3000030517578,199343
2025-10-15,141.67999267578125,142.44000244140625,141.33999633789062,141.5,155376
2025-10-16,141.74000549316406,142.17999267578125,141.47999572753906,141.77999877929688,110923
2025-10-17,140.10000610351562,141.16000366210938,138.24000549316406,138.86000061035156,203396
2025-10-20,142.66000366210938,142.8000030517578,141.5399932861328,141.86000061035156,127731
2025-10-21,143.1199951171875,143.25999450683594,142.6999969482422,142.8000030517578,142502
2025-10-22,142.3800048828125,143.4199981689453,142.3000030517578,143.10000610351562,123138
2025-10-23,143.0,143.10000610351562,142.36000061035156,142.89999389648438,107672
2025-10-27,145.0399932861328,145.10000610351562,144.75999450683594,145.0800018310547,209776
2025-10-28,145.22000122070312,145.5399932861328,144.67999267578125,144.82000732421875,95847
2025-10-29,145.60000610351562,146.02000427246094,145.39999389648438,145.89999389648438,110483
2025-10-30,145.66000366210938,145.8800048828125,145.05999755859375,145.63999938964844,155537
2025-10-31,145.5399932861328,146.10000610351562,145.27999877929688,145.83999633789062,118618
2025-11-03,145.77999877929688,146.5800018310547,145.5,145.77999877929688,321833
2025-11-04,145.25999450683594,145.63999938964844,144.05999755859375,144.52000427246094,151333
2025-11-05,145.4600067138672,145.47999572753906,144.13999938964844,144.25999450683594,142365
2025-11-06,143.36000061035156,145.24000549316406,143.36000061035156,144.8000030517578,193216
2025-11-07,141.5399932861328,143.9199981689453,141.47999572753906,143.8800048828125,157159
2025-11-10,144.5399932861328,145.0,144.1199951171875,144.25999450683594,150922
2025-11-11,145.02000427246094,145.3000030517578,144.72000122070312,145.16000366210938,131621
2025-11-12,145.74000549316406,146.39999389648438,145.4199981689453,146.0,113278
2025-11-13,143.82000732421875,145.94000244140625,143.75999450683594,145.82000732421875,171618
2025-11-14,143.67999267578125,143.82000732421875,141.4600067138672,142.86000061035156,221895
2025-11-17,143.02000427246094,144.0399932861328,142.5,143.97999572753906,233679
2025-11-18,141.17999267578125,141.63999938964844,140.05999755859375,141.13999938964844,202108
2025-11-19,141.3800048828125,142.44000244140625,140.75999450683594,140.9199981689453,196212
2025-11-20,142.22000122070312,144.05999755859375,142.22000122070312,143.39999389648438,208006
2025-11-21,140.8000030517578,140.8000030517578,139.1999969482422,139.9199981689453,224298
2025-11-24,142.4600067138672,142.66000366210938,140.89999389648438,141.6199951171875,170608
2025-11-25,142.8000030517578,142.8000030517578,141.5,142.63999938964844,86050
2025-11-26,144.4199981689453,144.44000244140625,143.52000427246094,143.8800048828125,114053
2025-11-27,144.25999450683594,144.5,144.1999969482422,144.3000030517578,172981
2025-11-28,144.83999633789062,144.97999572753906,144.5,144.5,120118
2025-12-01,144.3000030517578,144.33999633789062,143.36000061035156,143.9199981689453,394589
2025-12-02,144.25999450683594,144.83999633789062,143.94000244140625,144.0,238118
2025-12-03,144.17999267578125,144.39999389648438,143.4199981689453,144.3000030517578,165000
2025-12-04,144.5399932861328,144.75999450683594,144.17999267578125,144.47999572753906,108782
2025-12-05,145.16000366210938,145.5800018310547,144.74000549316406,144.97999572753906,110010
2025-12-08,144.89999389648438,145.27999877929688,144.6999969482422,145.1199951171875,144656
2025-12-09,144.97999572753906,145.1199951171875,144.5,144.9600067138672,105686
2025-12-10,144.72000122070312,144.83999633789062,144.36000061035156,144.5800018310547,112733
2025-12-11,144.0800018310547,144.44000244140625,143.55999755859375,143.74000549316406,160091
2025-12-12,143.17999267578125,145.10000610351562,143.0,144.94000244140625,229677
2025-12-15,143.4600067138672,144.32000732421875,143.05999755859375,143.9600067138672,209925
2025-12-16,142.44000244140625,143.1999969482422,142.02000427246094,142.60000610351562,125771
2025-12-17,141.8000030517578,143.63999938964844,141.8000030517578,143.27999877929688,114377
2025-12-18,143.52000427246094,143.6199951171875,141.97999572753906,142.0,204321
2025-12-19,144.17999267578125,144.22000122070312,143.05999755859375,143.3800048828125,132714
2025-12-22,144.39999389648438,144.4199981689453,143.9600067138672,144.36000061035156,126707
2025-12-23,144.6999969482422,144.8000030517578,144.1199951171875,144.39999389648438,147227
2025-12-29,144.97999572753906,145.3000030517578,144.6999969482422,145.16000366210938,203223
2025-12-30,145.4199981689453,145.4199981689453,145.0,145.05999755859375,124449
2026-01-02,145.13999938964844,146.13999938964844,144.86000061035156,145.63999938964844,502599
2026-01-05,147.0800018310547,147.1999969482422,146.3800048828125,146.44000244140625,378940
2026-01-06,147.6999969482422,148.0,146.77999877929688,147.10000610351562,369069
2026-01-07,148.0,148.13999938964844,147.67999267578125,148.0399932861328,305971
2026-01-08,147.72000122070312,147.8000030517578,147.22000122070312,147.4199981689453,253583
2026-01-09,148.89999389648438,149.0399932861328,147.86000061035156,147.94000244140625,252002
2026-01-12,149.0,149.0800018310547,147.75999450683594,148.13999938964844,309840
2026-01-13,149.25999450683594,149.5399932861328,148.74000549316406,149.10000610351562,233560
2026-01-14,148.39999389648438,149.3000030517578,148.10000610351562,149.16000366210938,200858
2026-01-16,149.89999389648438,150.1199951171875,149.33999633789062,150.1199951171875,209251
